MovieName,MovieURL,Rating,Director,Actors,Genre,ReleaseDate,Duration,Language
AVENGERS: HỒI KẾT - PHIÊN BẢN ĐẶC BIỆT (CHIẾU LẠI),https://www.cgv.vn/default/avengers-endgame-encore.html,T13,"Anthony Russo, Joe Russo","Robert Downey Jr., Chris Evans, Mark Ruffalo, Chris Hemsworth, Scarlett Johansson, Jeremy Renner, Don Cheadle, Paul Rudd, Brie Larson, Karen Gillan, Danai Gurira, Benedict Wong, Jon Favreau, Bradley Cooper, Gwyneth Paltrow, and Josh Brolin","Hành Động, Khoa Học Viễn Tưởng, Phiêu Lưu",2026-09-25,183 phút,Tiếng Anh với phụ đề tiếng Việt
TRẠI BUÔN NGƯỜI,https://www.cgv.vn/default/trai-buon-nguoi.html,T18,Toni Dương Bảo Anh,"Steven Nguyễn, Quách Ngọc Ngoan, Tùng Mint, Huỳnh Minh Kiên,...","Hành Động, Hồi hộp",2026-09-25,135 phút,Tiếng Việt
VÙNG ĐẤT QUỶ DỮ,https://www.cgv.vn/default/resident-evil-2026.html,T18,Zach Cregger,"Austin Abrams,Paul Walter Hauser, Zach Cherry, Kali Reis.","Hành Động, Kinh Dị",2026-09-18,94 phút,Tiếng Anh - Phụ đề Tiếng Việt
HÒN ĐẢO QUÊN LÃNG,https://www.cgv.vn/default/forgotten-island.html,K,Joel Crawford; Januel Mercado,"H.E.R., Liza Soberano, Dave Franco, Jenny Slate, Manny Jacinto, Dolly de Leon, Jo Koy, Ronny Chieng và Lea Salonga.","Hoạt Hình, Phiêu Lưu",2026-09-25,109 phút,Phụ đề Tiếng Việt & Lồng Tiếng Việt
ÚT LAN 2,https://www.cgv.vn/default/ut-lan-2.html,T18,Trần Trọng Dần,"Phương Nam, Kiều Oanh, NSUT Kim Phương, Kiều Diễm, Gia Tuệ, Tạ Lâm, Ngọc Phước, Khánh Tiên, Tấn Thi, Huỳnh Nhựt.",Kinh Dị,2026-09-25,107 minutes,Vietnamese
LÊN HƯƠNG,https://www.cgv.vn/default/len-huong.html,T16,Khương Ngọc & Tấn Hoàng Thông,"Hồng Đào, Võ Tấn Phát, Tuyết Thu, NSND Hồng Vân, Hạ Anh, Quốc Khánh, Thiếu Lan","Gia đình, Tâm Lý",2026-09-18,121 phút,Tiếng Việt
PHÁO HOA LÚC BÌNH MINH,https://www.cgv.vn/default/a-new-dawn.html,p,Yoshitoshi Shinomiya,"Riku Hagiwara, Kotone Furukawa, Miyu Irino",Hoạt Hình,2026-09-25,76 phút,Phụ đề tiếng Việt & tiếng Anh
LAPUTA: LÂU ĐÀI TRÊN KHÔNG,https://www.cgv.vn/default/laputa.html,K,Hayao Miyazaki,"Mayumi Tanaka, Keiko Yokozawa, Kotoe Hatsui, Minori Terada, Ichiro Nagai,...",Hoạt Hình,2026-09-25,129 phút,Tiếng Nhật - Phụ đề Tiếng Việt; Lồng Tiếng Việt
MARNIE YÊU DẤU,https://www.cgv.vn/default/marnie-yeu-dau.html,K,Hiromasa Yonebayashi,"Sara Takatsuki, Kasumi Arimura, Hana Sugisaki, Hitomi Kuroki, Ryoko Moriyama,...",Hoạt Hình,2026-09-18,103 phút,Tiếng Nhật - Phụ đề Tiếng Việt; Lồng Tiếng Việt
BÓNG MA NHÀ HÁT,https://www.cgv.vn/default/bong-ma-nha-hat.html,T16,Lê Công Sơn,"Trâm Anh, Quỳnh Lý, Sở Lam (Phương Lan), Hoàng Phi, Tiểu Bảo Quốc, Kiều Linh, Đoàn Minh Tài, Khuyến Dương, Phở Đặc Biệt, Hứa Minh Đạt, Lâm Vỹ Dạ","Hài, Kinh Dị",2026-09-18,97 phút,Tiếng Việt
TẾ NHI CẢI MỆNH,https://www.cgv.vn/default/tao-exorcist.html,T18,Khâu Hạo Châu,"Tào Hựu Ninh, Thiên Tâm, Trang Khải Huân",Kinh Dị,2026-09-18,104 phút,Tiếng Đài Loan - phụ đề tiếng Việt
YÊU NHÂN THẦN THÁM: KỲ ÁN TRƯỜNG AN,https://www.cgv.vn/default/demon-agent.html,K,"Cheng Teng (Trình Đằng), Huang Min (Hoàng Mẫn)",,Hoạt Hình,2026-09-18,116 phút,Phụ đề Tiếng Việt
NGHỈ HÈ SỢ NGHỈ HƯU,https://www.cgv.vn/default/nghi-he-so-nghi-huu.html,T13,Huỳnh Lập,"NSƯT Cao Minh, Cody Nam Võ, Huỳnh Lập, Tín Nguyễn","Gia đình, Hài",2026-08-21,117 phút,Tiếng Việt
HOPE VÙNG TỬ ĐỊA,https://www.cgv.vn/default/hope.html,T16,Na Hong-Jin,"Hwang Jung-min, Zo In-sung, Hoyeon, Taylor Russell, Cameron Britton, Alicia Vikander, Michael Fassbender.","Hành Động, Hồi hộp, Khoa Học Viễn Tưởng",2026-09-04,157 phút,Phụ đề Tiếng Anh - Phụ đề Tiếng Việt
QUÝ TỬ VƯỢT GIÀU,https://www.cgv.vn/default/quy-tu-vuot-giau.html,K,Nguyễn Quang Dũng,"Thu Trang, Tiến Luật, Ngô Kiến Huy, Ngân Quỳnh, Hạo Khang, Đình Dương, Thanh Thuỷ, Kiến An","Gia đình, Hài",2026-08-28,118 phút,Tiếng Việt
MÃI NỢ MỘT LỜI TẠM BIỆT,https://www.cgv.vn/default/chrysalis.html,K,J. ROBERT SCHULZ,"Kiều Chinh, Daniel K. Winn, Nguyễn Vũ Uy Nhân, Samuel An, Lê Anh Huy, Lan Thy,...","Gia đình, Tâm Lý",2026-09-11,120 phút,Tiếng Việt & Tiếng Anh
CỔ THUẬT HẮC NGẢI,https://www.cgv.vn/default/kong-tao.html,T16,"Pei Chiek Goh, Choon Lin Yong","Supassra Thanachat, Philip Keung, Bront Palarae",Kinh Dị,2026-09-11,86 phút,Tiếng Thái và Tiếng Anh với phụ đề Tiếng Việt
BÙA YÊU: BÍ MẬT GIA TỘC,https://www.cgv.vn/default/bua-yeu-bi-mat-gia-toc.html,T13,Susanne Bier,"Nicole Kidman, Sandra Bullock, Joey King, Lee Pace, ...","Thần thoại, Tình cảm",2026-09-11,130 phút,Tiếng Anh - Phụ đề Tiếng Việt
CHIIKAWA: BÍ MẬT ĐẢO NGƯỜI CÁ,https://www.cgv.vn/default/chiikawa-the-movie.html,p,Kei Oikawa,"Haruka Aoki, Makoto Tanaka, Ari Ozawa, Yuka Iguchi, Takayuki Asai, Yuma Uchida, Miyuri Shimabukuro, Momo Harumi",Hoạt Hình,2026-08-28,99 phút,Tiếng Nhật với phụ đề Việt & Anh; Lồng tiếng Việt
BÁT TIÊN ! TRUY TÌM LƯU LY ĐĂNG,https://www.cgv.vn/default/bat-tien.html,K,Cheng Teng,"Chen Hao, Yuze Han, Yunqi Zhang, Li Shaozhe, and Li Dong","Hoạt Hình, Thần thoại",2026-09-11,144 phút,Tiếng Trung Quốc - Phụ đề Tiếng Việt
HỘ LINH TRÁNG SĨ - Bí Ẩn Mộ Vua Đinh (RÚT GỌN),https://www.cgv.vn/default/ho-linh-trang-si-rut-gon.html,T13,Nguyễn Phan Quang Bình,"Tuấn Trần, Thiên Tú, Johnny Trí Nguyễn, NSND Tự Long, Đỗ Thị Hải Yến, Lê Vũ Long, Quách Ngọc Ngoan, Lê Minh Thuấn, Hứa Vĩ Văn, Diệp Quang Bình, Danis Nguyễn.",Hành Động,2026-08-28,135 phút,Tiếng Việt
MA TÙ,https://www.cgv.vn/default/ma-tu.html,T18,Joko Anwar,"Abimana Aryasatya, Almanzo Konoralma, Aming Sugandhi,...","Hài, Kinh Dị",2026-09-04,104 phút 24 giây,Phụ đề Tiếng Anh - Lồng Tiếng Việt
MỘT ĐÊM DUY NHẤT,https://www.cgv.vn/default/one-night-only.html,T18,Will Gluck,"Monica Barbaro, Callum Turner, Maya Hawke, Julia Fox, King Princess, Ziwe, Ben Marshall, Ella Loudon with Molly Ringwald and Levar Burton","Hài, Tình cảm",2026-09-04,103 phút,Tiếng Anh với phụ đề tiếng Việt
PHIM SHIN – CẬU BÉ BÚT CHÌ: KỲ KỲ QUÁI QUÁI! KỲ NGHỈ YÊU QUÁI CỦA TỚ,https://www.cgv.vn/default/shin-yokai-vacation.html,p,Masaki Watanabe,"Yumiko Kobayashi, Miki Narahashi, Toshiyuki Morikawa, Satomi Koorogi","Hoạt Hình, Thần thoại",2026-08-21,101 phút,Tiếng Nhật – phụ đề Tiếng Việt
TÀU BUÔN NGƯỜI,https://www.cgv.vn/default/mutiny.html,T18,Jean-François Richet,"Jason Statham, Annabelle Wallis, Adrian Lester","Hành Động, Hồi hộp, Tội phạm",2026-08-28,95 phút,Tiếng Anh - Phụ đề Tiếng Việt
QUỶ QUYỆT: RANH GIỚI VÔ ĐỊNH,https://www.cgv.vn/default/insidious-further.html,T16,Jacob Chase,"Amelia Eve, Island Austin, Lin Shaye, Sam Spruell, Brandon Perea, and Masie Richardson- Sellers",Kinh Dị,2026-08-21,106 phút,Tiếng Anh - Phụ đề Tiếng Việt
PAW PATROL: PHIM KHỦNG LONG,https://www.cgv.vn/default/paw-patrol-dino.html,p,Cal Brunker,Cal Brunker & Bob Barlen,"Hành Động, Hoạt Hình, Phiêu Lưu",2026-08-14,89 phút,Phụ đề Tiếng Việt & Lồng Tiếng Việt
NGƯỜI NHỆN: KHỞI ĐẦU MỚI,https://www.cgv.vn/default/spider-brand-new-day.html,T13,Destin Daniel Cretton,"Tom Holland, Zendaya, Sadie Sink","Hành Động, Phiêu Lưu, Thần thoại",2026-07-31,145 phút,Tiếng Anh - Phụ đề Tiếng Việt
THE ODYSSEY,https://www.cgv.vn/default/the-odyssey.html,T16,Christopher Nolan,"Benny Safdie, Anne Hathaway, Matt Damon, Robert Pattinson, Tom Holland, Zendaya, Charlize Theron…","Hành Động, Thần thoại",2026-07-17,173 phút,Tiếng Anh - Phụ đề Tiếng Việt
KHÔNG CÒN CHÚNG TA (CHIẾU LẠI),https://www.cgv.vn/default/once-we-were-us.html,T13,Kim Do-Young,"Koo Kyo-hwan, Moon Ga-young, Suyeon Ji","Tâm Lý, Tình cảm",2026-08-21,114 phút,Tiếng Hàn – Phụ đề tiếng Việt
TRÁI TIM QUÁI THÚ,https://www.cgv.vn/default/heart-of-the-beast.html,T13,David Ayer,"Brad Pitt, J.K. Simmons, Anna Lambe",Hành Động,2026-10-02,101 phút,Tiếng Anh - Phụ đề Tiếng Việt
THẦN SƯ CHUNG QUỲ: LINH GIỚI ĐẠI CHIẾN,https://www.cgv.vn/default/master-zhong.html,,Wang Yuxi and Huang Shanchuan,"Duan Yixuan, Yu Haowei, Hu Liangwei, Zhao Chengchen, Ba He, and Hu Zhengjian.","Hành Động, Hoạt Hình, Phiêu Lưu, Thần thoại",2026-10-02,96 phút,Tiếng Trung Quốc - Phụ đề Tiếng Việt
KHÓA CHẶT CỬA NÀO SUZUME,https://www.cgv.vn/default/suzume.html,P,Makoto Shinkai,,"Hoạt Hình, Phiêu Lưu",2026-10-02,122 phút,"Tiếng Nhật - Phụ đề Tiếng Việt, tiếng Anh"
QUYẾT CUA ANH NÀY,https://www.cgv.vn/default/quyet-cua-anh-nay.html,,Mez Tharatorn,"Nadech Kugimiya, Minnie Nicha, Pa Kiat Kitcharoen, Ble Patumrach, Vivian Thipakorn","Hài, Tình cảm",2026-10-02,,Tiếng Thái - Phụ đề tiếng Việt
ÁN MẠNG KARAOKE,https://www.cgv.vn/default/an-mang-karaoke.html,T16,Hoàng Lê,"Đoàn Thiên Ân, Đại Nghĩa, Vân Dung,...","Hài, Hồi hộp",2026-10-02,96 phút,Tiếng Việt
QUỶ ĂN TẠNG 4: HỔ TINH,https://www.cgv.vn/default/tee-yod-4.html,,"Chalit Krileadmongkon, Thanadet Pradit, Narit Yuvaboon","Nadech Kugimiya, Bow Maylada, Ongart Cheamcharoenpornkul, Bible Wichapas","Hài, Hành Động, Kinh Dị",2026-10-09,,"Tiếng Thái - Phụ đề tiếng Việt, tiếng Anh; Lồng tiếng Việt"
ÁN MẠNG XÉM HOÀN HẢO,https://www.cgv.vn/default/an-mang-xem-hoan-hao.html,,Đức Nguyễn,"Anh Tú Atus, DJ Mie, Vũ Ngọc Anh, Huy Khánh, Thùy Giang, Long Đẹp Trai, Sỹ Toàn, Trịnh Tú Trung, Lương Gia Huy",Hài,2026-10-09,,Tiếng Việt
CHUYỆN CÔNG CHÚA KAGUYA,https://www.cgv.vn/default/princess-kaguya.html,,Isao Takahata,"Aki Asakura, Takeo Chii, Nobuko Miyamoto, Kengo Kora, Atsuko Takahata,...",Hoạt Hình,2026-10-09,137 phút,Tiếng Nhật - Phụ đề Tiếng Việt; Lồng Tiếng Việt
NGƯỜI MẸ KHÁC,https://www.cgv.vn/default/other-mommy.html,,Rob Savage,"Jessica Chastain, Jay Duplass, Arabella Olivia Clark, Dichen Lachman, cùng Arian Moayed và Karen Allen",Kinh Dị,2026-10-09,,Tiếng Anh - Phụ đề Tiếng Việt
ALWAYS LALISA,https://www.cgv.vn/default/always-lalisa.html,,Sue Kim,Lisa (Lalisa Manobal),Phim tài liệu,2026-10-12,,Tiếng Thái và Tiếng Anh với phụ đề Tiếng Việt
CHỊ CHỊ EM EM 3,https://www.cgv.vn/default/sister-sister-3.html,,Nguyễn Hữu Hoàng,"Kỳ Duyên, Steven Nguyễn,...","Tâm Lý, Tình cảm",2026-10-16,,Tiếng Anh với phụ đề tiếng Việt
NGỌN ĐỒI HOA HỒNG ANH,https://www.cgv.vn/default/hoa-hong-anh.html,,Goro Miyazaki,"Masami Nagasawa, Junichi Okada, Keiko Takeshita, Yuriko Ishida, Rumi Hiiragi,...",Hoạt Hình,2026-10-16,91 phút,Tiếng Nhật - Phụ đề Tiếng Việt; Lồng Tiếng Việt
PHIM STREET FIGHTER,https://www.cgv.vn/default/street-fighter.html,,Kitao Sakurai,"Noah Centineo, Andrew Koji, Callina Liang, Joe “Roman Reigns” Anoai, David Dastmalchian, Cody Rhodes, Andrew Schulz",Hành Động,2026-10-16,,Tiếng Anh - Phụ đề Tiếng Việt
DIGGER,https://www.cgv.vn/default/digger.html,,Alejandro G. Iñárritu,"Tom Cruise, Sandra Hüller, John Goodman, Michael Stuhlbarg,…","Hài, Tâm Lý",2026-10-16,,Tiếng Anh - Phụ đề Tiếng Việt
CHUYỆN TÌNH KHAU VAI,https://www.cgv.vn/default/chuyen-tinh-khau-vai.html,,Trần Chí Thành,"Văn Nhi, Sỹ Hưng, NSƯT Hoàng Hải, NSƯT Nguyệt Hằng, Nguyễn Mạnh Hà, Phương Thanh, Hoàng Minh Hùng","Tâm Lý, Tình cảm",2026-10-16,116 phút,Tiếng Việt
MẸ MÌN,https://www.cgv.vn/default/me-min.html,,Jack Carry On,"Minh Hằng, Nhật Kim Anh, Rima Thanh Vy, Khương Lê, Đại Nghĩa, Bé Tư, Phát La","Bí ẩn, Hồi hộp, Tâm Lý",2026-10-23,,Tiếng Việt
CLAYFACE,https://www.cgv.vn/default/clayface.html,,James Watkins,"Tom Rhys Harries, Naomi Ackie, David Dencik, Max Minghella, Eddie Marsan, Nancy Carroll, Joshua James,...","Hồi hộp, Kinh Dị",2026-10-23,,Tiếng Anh - Phụ đề Tiếng Việt
TRẤN YỂM,https://www.cgv.vn/default/tran-yem.html,,Trần Hữu Tấn,,Kinh Dị,2026-10-30,,Tiếng Việt
BÒ SỮA BAY,https://www.cgv.vn/default/bo-sua-bay.html,,Nguyễn Phạm Thành Đạt,"Nguyễn Hùng, Võ Điền Gia Huy, Ngọc Xuân, Tiểu Vy, Lãnh Thanh, Huy Tít","Hài, Hành Động, Tâm Lý",2026-11-06,,Tiếng Việt
GODZILLA TRỪ KHÔNG,https://www.cgv.vn/default/godzilla-minus-zero.html,,Takashi Yamazaki,"Ryunosuke Kamiki, Minami Hamabe, Min Tanaka, Hidetaka Yoshioka",Hành Động,2026-11-06,,Phụ đề Anh - Việt
CHÀNG MÈO MANG MŨ,https://www.cgv.vn/default/the-cat-in-the-hat.html,,"Alessandro Carloni, Erica Rivinoja","Bill Hader, Xochitl Gomez, Matt Berry, Quinta Brunson, Paula Pell,...","Gia đình, Hài, Hoạt Hình, Phiêu Lưu",2026-11-06,,Tiếng Anh - Phụ đề tiếng Việt; Lồng tiếng Việt
NGÀY CON CÒN MẸ,https://www.cgv.vn/default/ngay-con-con-me.html,,Vũ Ngọc Đãng,"Hồng Đào, Phương Anh Đào, Marando, Nguyên Thảo, Huy Anh","Gia đình, Tâm Lý",2026-11-11,,Tiếng Việt
EBENEZER PHÉP MÀU ĐÊM GIÁNG SINH,https://www.cgv.vn/default/phep-mau-giang-sinh.html,,Ti West,"Johnny Depp, Rupert Grint, Andrea Riseborough, Sam Claflin, and Ian McKellen",Thần thoại,2026-11-13,,Tiếng Anh - Phụ đề Tiếng Việt
TRẠI GIAM HẠNH PHÚC,https://www.cgv.vn/default/trai-giam-hanh-phuc.html,,Trung Lùn,"Tuấn Trần, Ma Ran Đô, Lương Thế Thành, Sally Hồng Anh, Khuyến Dương","Gia đình, Hài, Tâm Lý",2026-11-20,,Tiếng Việt
GẶP GỠ THÔNG GIA: DÂU MỚI TRÌNH LÀNG,https://www.cgv.vn/default/focker-in-law.html,,John Hamburg,"Robert De Niro, Ben Stiller, Ariana Grande, Owen Wilson, Blythe Danner, Teri Polo, Skyler Gisondo, Beanie Feldstein, Eduardo Franco.",Hài,2026-11-27,,Tiếng Anh - Phụ đề Tiếng Việt
SỢI CHỈ ĐỎ,https://www.cgv.vn/default/soi-chi-do.html,,Hàm Trần,"Đoàn Minh Anh, Quang Tuấn, Ba Tây, Loube Nguyễn, Trần Nghĩa, Cao Thùy Linh, Gia Tuệ, Ngọc Phước, Thư Nguyễn,...",Kinh Dị,2026-12-04,,Tiếng Việt
DUNE: HÀNH TINH CÁT - PHẦN BA,https://www.cgv.vn/default/dune-pt3.html,,Denis Villeneuve,"Timothée Chalamet, Zendaya, Jason Momoa, Florence Pugh, Rebecca Ferguson, Isaach De Bankolé, Charlotte Rampling, Anya Taylor-Joy, Robert Pattinson, Javier Bardem,...","Hành Động, Khoa Học Viễn Tưởng",2026-12-18,,Tiếng Anh - Phụ đề Tiếng Việt
AVENGERS: NGÀY TẬN THẾ,https://www.cgv.vn/default/avengers-doomsday.html,,"Anthony Russo, Joe Russo","Robert Downey Jr., Chris Evans, Chris Hemsworth, Pedro Pascal, Paul Rudd, Anthony Mackie, Florence Pugh, Vanessa Kirby, Ebon Moss-Bachrach, Wyatt Russell, Channing Tatum, Simu Liu, Ian McKellen, Tom Hiddleston, James Marsden, Patrick Stewart, Joseph Quinn, Sebastian Stan, David Harbour, Letitia Wright, Lewis Pullman, Kelsey Grammer, Kathryn Newton, Danny Ramirez, Winston Duke, Alan Cumming, Hannah John-Kamen, Rebecca Romijn, Mabel Cadena, Tenoch Huerta Mejia","Hành Động, Khoa Học Viễn Tưởng, Phiêu Lưu",2026-12-18,,Tiếng Anh - Phụ đề tiếng Việt
THÁM TỬ KIÊN: LỜI NGUYỀN HOÀNG KIM,https://www.cgv.vn/default/tham-tu-kien-2.html,,Victor Vũ,Quốc Huy,Tâm Lý,2027-02-06,,Tiếng Việt
LOẠN THẾ,https://www.cgv.vn/default/loan-the.html,,Dương Minh Chiến,,Hành Động,2027-02-06,,Tiếng Việt - Phụ đề Tiếng Anh
ÁC TƯỢNG,https://www.cgv.vn/default/wooden-buddha.html,,"Preecha Sakorn, Niyom Wongpongkam","Mookda Narinrak, Pon Nawasch Phupantachsee, Teerapong Liaorakwong",Kinh Dị,,84 phút,Tiếng Thái - Phụ đề Tiếng Việt
QUỶ DẮT TAY,https://www.cgv.vn/default/quy-dat-tay.html,,Alex WANG,"Vera YEN, Charles TU, Johnny KOU","Hồi hộp, Kịch tính, Kinh Dị",,111 phút,Tiếng Trung - Phụ đề tiếng Việt
CHIẾN BÀO,https://www.cgv.vn/default/chien-bao.html,,Victor Vũ,,Lịch Sử,,,Tiếng Việt
CỘNG TRỪ NHÂN CHIA,https://www.cgv.vn/default/cong-tru-nhan-chia.html,,IRVING LY,"Anh Thư, Lâm Thanh Mỹ, Phương Trà My, Minh Hưng, Đắc Thắng, Chu Anh Tuấn, NSƯT Công Ninh, Hân Nguyễn, Lê Anh Tuấn, Linh Kul, Dương Hồng Phúc, Peter Thiên Phú, Trần Quân, Trần Phong.","Hồi hộp, Tâm Lý",,,Tiếng Việt
