MovieName,Cinema,ShowDate,Format,ShowTime
AVENGERS: HỒI KẾT - PHIÊN BẢN ĐẶC BIỆT (CHIẾU LẠI),CGV Crescent Mall,01/10/2026,2D Phụ Đề Việt | Rạp Lamour,10:30
AVENGERS: HỒI KẾT - PHIÊN BẢN ĐẶC BIỆT (CHIẾU LẠI),CGV Crescent Mall,01/10/2026,2D Phụ Đề Việt | Rạp Lamour,16:00
AVENGERS: HỒI KẾT - PHIÊN BẢN ĐẶC BIỆT (CHIẾU LẠI),CGV Crescent Mall,01/10/2026,2D Phụ Đề Việt | Rạp Lamour,21:30
CHIIKAWA: BÍ MẬT ĐẢO NGƯỜI CÁ,CGV Crescent Mall,01/10/2026,2D Phụ Đề Anh & Việt,18:00
HÒN ĐẢO QUÊN LÃNG,CGV Crescent Mall,01/10/2026,2D Lồng Tiếng Việt,19:40
LAPUTA: LÂU ĐÀI TRÊN KHÔNG,CGV Crescent Mall,01/10/2026,2D Lồng Tiếng Việt,12:50
LAPUTA: LÂU ĐÀI TRÊN KHÔNG,CGV Crescent Mall,01/10/2026,2D Phụ Đề Việt,14:40
LAPUTA: LÂU ĐÀI TRÊN KHÔNG,CGV Crescent Mall,01/10/2026,2D Lồng Tiếng Việt,17:10
LÊN HƯƠNG,CGV Crescent Mall,01/10/2026,2D Phụ Đề Anh,09:35
LÊN HƯƠNG,CGV Crescent Mall,01/10/2026,2D Phụ Đề Anh,10:20
LÊN HƯƠNG,CGV Crescent Mall,01/10/2026,2D Phụ Đề Anh,15:30
LÊN HƯƠNG,CGV Crescent Mall,01/10/2026,2D Phụ Đề Anh,20:15
LÊN HƯƠNG,CGV Crescent Mall,01/10/2026,2D Phụ Đề Anh,22:40
MARNIE YÊU DẤU,CGV Crescent Mall,01/10/2026,2D Phụ Đề Việt,12:20
MARNIE YÊU DẤU,CGV Crescent Mall,01/10/2026,2D Phụ Đề Việt,16:50
TRẠI BUÔN NGƯỜI,CGV Crescent Mall,01/10/2026,2D Phụ Đề Anh,09:40
TRẠI BUÔN NGƯỜI,CGV Crescent Mall,01/10/2026,2D Phụ Đề Anh | Rạp Cine & Living Room,10:50
TRẠI BUÔN NGƯỜI,CGV Crescent Mall,01/10/2026,2D Phụ Đề Anh,11:30
TRẠI BUÔN NGƯỜI,CGV Crescent Mall,01/10/2026,2D Phụ Đề Anh,12:00
TRẠI BUÔN NGƯỜI,CGV Crescent Mall,01/10/2026,2D Phụ Đề Anh,12:30
TRẠI BUÔN NGƯỜI,CGV Crescent Mall,01/10/2026,2D Phụ Đề Anh | Rạp Cine & Living Room,13:40
TRẠI BUÔN NGƯỜI,CGV Crescent Mall,01/10/2026,2D Phụ Đề Anh,14:20
TRẠI BUÔN NGƯỜI,CGV Crescent Mall,01/10/2026,2D Phụ Đề Anh,15:10
TRẠI BUÔN NGƯỜI,CGV Crescent Mall,01/10/2026,2D Phụ Đề Anh | Rạp Cine & Living Room,16:30
TRẠI BUÔN NGƯỜI,CGV Crescent Mall,01/10/2026,2D Phụ Đề Anh,17:00
TRẠI BUÔN NGƯỜI,CGV Crescent Mall,01/10/2026,2D Phụ Đề Anh,17:50
TRẠI BUÔN NGƯỜI,CGV Crescent Mall,01/10/2026,2D Phụ Đề Anh | Rạp Cine & Living Room,19:10
TRẠI BUÔN NGƯỜI,CGV Crescent Mall,01/10/2026,2D Phụ Đề Anh,19:50
TRẠI BUÔN NGƯỜI,CGV Crescent Mall,01/10/2026,2D Phụ Đề Anh,20:30
TRẠI BUÔN NGƯỜI,CGV Crescent Mall,01/10/2026,2D Phụ Đề Anh | Rạp Cine & Living Room,21:50
TRẠI BUÔN NGƯỜI,CGV Crescent Mall,01/10/2026,2D Phụ Đề Anh,22:30
VÙNG ĐẤT QUỶ DỮ,CGV Crescent Mall,01/10/2026,2D Phụ Đề Việt,09:30
VÙNG ĐẤT QUỶ DỮ,CGV Crescent Mall,01/10/2026,2D Phụ Đề Việt | Rạp Lamour,14:00
VÙNG ĐẤT QUỶ DỮ,CGV Crescent Mall,01/10/2026,2D Phụ Đề Việt | Rạp Lamour,19:30
VÙNG ĐẤT QUỶ DỮ,CGV Crescent Mall,01/10/2026,2D Phụ Đề Việt,23:10
ÚT LAN 2,CGV Crescent Mall,01/10/2026,2D Phụ Đề Anh,10:00
ÚT LAN 2,CGV Crescent Mall,01/10/2026,2D Phụ Đề Anh,14:30
ÚT LAN 2,CGV Crescent Mall,01/10/2026,2D Phụ Đề Anh,19:00
ÚT LAN 2,CGV Crescent Mall,01/10/2026,2D Phụ Đề Anh,22:00
TRÁI TIM QUÁI THÚ,CGV Crescent Mall,02/10/2026,2D Phụ Đề Việt,09:40
TRÁI TIM QUÁI THÚ,CGV Crescent Mall,02/10/2026,2D Phụ Đề Việt,11:50
TRÁI TIM QUÁI THÚ,CGV Crescent Mall,02/10/2026,2D Phụ Đề Việt,14:00
TRÁI TIM QUÁI THÚ,CGV Crescent Mall,02/10/2026,2D Phụ Đề Việt,16:10
TRÁI TIM QUÁI THÚ,CGV Crescent Mall,02/10/2026,2D Phụ Đề Việt,18:20
TRÁI TIM QUÁI THÚ,CGV Crescent Mall,02/10/2026,2D Phụ Đề Việt,20:30
TRÁI TIM QUÁI THÚ,CGV Crescent Mall,02/10/2026,2D Phụ Đề Việt,22:40
ÁN MẠNG KARAOKE,CGV Crescent Mall,02/10/2026,2D Phụ Đề Anh,10:30
ÁN MẠNG KARAOKE,CGV Crescent Mall,02/10/2026,2D Phụ Đề Anh,12:40
ÁN MẠNG KARAOKE,CGV Crescent Mall,02/10/2026,2D Phụ Đề Anh,14:50
ÁN MẠNG KARAOKE,CGV Crescent Mall,02/10/2026,2D Phụ Đề Anh,17:00
ÁN MẠNG KARAOKE,CGV Crescent Mall,02/10/2026,2D Phụ Đề Anh,19:10
ÁN MẠNG KARAOKE,CGV Crescent Mall,02/10/2026,2D Phụ Đề Anh,21:20
ÁN MẠNG KARAOKE,CGV Crescent Mall,02/10/2026,2D Phụ Đề Anh,23:30
TRÁI TIM QUÁI THÚ,CGV Crescent Mall,03/10/2026,2D Phụ Đề Việt,09:40
TRÁI TIM QUÁI THÚ,CGV Crescent Mall,03/10/2026,2D Phụ Đề Việt,11:50
TRÁI TIM QUÁI THÚ,CGV Crescent Mall,03/10/2026,2D Phụ Đề Việt,14:00
TRÁI TIM QUÁI THÚ,CGV Crescent Mall,03/10/2026,2D Phụ Đề Việt,16:10
TRÁI TIM QUÁI THÚ,CGV Crescent Mall,03/10/2026,2D Phụ Đề Việt,18:20
TRÁI TIM QUÁI THÚ,CGV Crescent Mall,03/10/2026,2D Phụ Đề Việt,20:30
TRÁI TIM QUÁI THÚ,CGV Crescent Mall,03/10/2026,2D Phụ Đề Việt,22:40
ÁN MẠNG KARAOKE,CGV Crescent Mall,03/10/2026,2D Phụ Đề Anh,10:30
ÁN MẠNG KARAOKE,CGV Crescent Mall,03/10/2026,2D Phụ Đề Anh,12:40
ÁN MẠNG KARAOKE,CGV Crescent Mall,03/10/2026,2D Phụ Đề Anh,14:50
ÁN MẠNG KARAOKE,CGV Crescent Mall,03/10/2026,2D Phụ Đề Anh,17:00
ÁN MẠNG KARAOKE,CGV Crescent Mall,03/10/2026,2D Phụ Đề Anh,19:10
ÁN MẠNG KARAOKE,CGV Crescent Mall,03/10/2026,2D Phụ Đề Anh,21:20
ÁN MẠNG KARAOKE,CGV Crescent Mall,03/10/2026,2D Phụ Đề Anh,23:30
TRÁI TIM QUÁI THÚ,CGV Crescent Mall,04/10/2026,2D Phụ Đề Việt,09:40
TRÁI TIM QUÁI THÚ,CGV Crescent Mall,04/10/2026,2D Phụ Đề Việt,11:50
TRÁI TIM QUÁI THÚ,CGV Crescent Mall,04/10/2026,2D Phụ Đề Việt,14:00
TRÁI TIM QUÁI THÚ,CGV Crescent Mall,04/10/2026,2D Phụ Đề Việt,16:10
TRÁI TIM QUÁI THÚ,CGV Crescent Mall,04/10/2026,2D Phụ Đề Việt,18:20
TRÁI TIM QUÁI THÚ,CGV Crescent Mall,04/10/2026,2D Phụ Đề Việt,20:30
TRÁI TIM QUÁI THÚ,CGV Crescent Mall,04/10/2026,2D Phụ Đề Việt,22:40
ÁN MẠNG KARAOKE,CGV Crescent Mall,04/10/2026,2D Phụ Đề Anh,10:30
ÁN MẠNG KARAOKE,CGV Crescent Mall,04/10/2026,2D Phụ Đề Anh,12:40
ÁN MẠNG KARAOKE,CGV Crescent Mall,04/10/2026,2D Phụ Đề Anh,14:50
ÁN MẠNG KARAOKE,CGV Crescent Mall,04/10/2026,2D Phụ Đề Anh,17:00
ÁN MẠNG KARAOKE,CGV Crescent Mall,04/10/2026,2D Phụ Đề Anh,19:10
ÁN MẠNG KARAOKE,CGV Crescent Mall,04/10/2026,2D Phụ Đề Anh,21:20
ÁN MẠNG KARAOKE,CGV Crescent Mall,04/10/2026,2D Phụ Đề Anh,23:30
AVENGERS: HỒI KẾT - PHIÊN BẢN ĐẶC BIỆT (CHIẾU LẠI),CGV Crescent Mall,25/09/2026,2D Phụ Đề Việt,21:00
LÊN HƯƠNG,CGV Crescent Mall,25/09/2026,2D Phụ Đề Anh,23:10
TRẠI BUÔN NGƯỜI,CGV Crescent Mall,25/09/2026,2D Phụ Đề Anh,20:40
TRẠI BUÔN NGƯỜI,CGV Crescent Mall,25/09/2026,2D Phụ Đề Anh,21:05
TRẠI BUÔN NGƯỜI,CGV Crescent Mall,25/09/2026,2D Phụ Đề Anh | Rạp Lamour,21:30
TRẠI BUÔN NGƯỜI,CGV Crescent Mall,25/09/2026,2D Phụ Đề Anh,22:00
TRẠI BUÔN NGƯỜI,CGV Crescent Mall,25/09/2026,2D Phụ Đề Anh | Rạp Cine & Living Room,22:30
TRẠI BUÔN NGƯỜI,CGV Crescent Mall,25/09/2026,2D Phụ Đề Anh,23:00
TRẠI BUÔN NGƯỜI,CGV Crescent Mall,25/09/2026,2D Phụ Đề Anh,23:20
VÙNG ĐẤT QUỶ DỮ,CGV Crescent Mall,25/09/2026,2D Phụ Đề Việt,23:40
AVENGERS: HỒI KẾT - PHIÊN BẢN ĐẶC BIỆT (CHIẾU LẠI),CGV Crescent Mall,26/09/2026,2D Phụ Đề Việt,10:40
AVENGERS: HỒI KẾT - PHIÊN BẢN ĐẶC BIỆT (CHIẾU LẠI),CGV Crescent Mall,26/09/2026,2D Phụ Đề Việt,12:50
AVENGERS: HỒI KẾT - PHIÊN BẢN ĐẶC BIỆT (CHIẾU LẠI),CGV Crescent Mall,26/09/2026,2D Phụ Đề Việt | Rạp Lamour,15:30
AVENGERS: HỒI KẾT - PHIÊN BẢN ĐẶC BIỆT (CHIẾU LẠI),CGV Crescent Mall,26/09/2026,2D Phụ Đề Việt,18:00
CHIIKAWA: BÍ MẬT ĐẢO NGƯỜI CÁ,CGV Crescent Mall,26/09/2026,2D Phụ Đề Anh & Việt,13:30
HÒN ĐẢO QUÊN LÃNG,CGV Crescent Mall,26/09/2026,2D Lồng Tiếng Việt,19:50
LAPUTA: LÂU ĐÀI TRÊN KHÔNG,CGV Crescent Mall,26/09/2026,2D Lồng Tiếng Việt,10:15
LAPUTA: LÂU ĐÀI TRÊN KHÔNG,CGV Crescent Mall,26/09/2026,2D Phụ Đề Việt,12:30
LAPUTA: LÂU ĐÀI TRÊN KHÔNG,CGV Crescent Mall,26/09/2026,2D Lồng Tiếng Việt,17:10
LÊN HƯƠNG,CGV Crescent Mall,26/09/2026,2D Phụ Đề Anh,10:30
LÊN HƯƠNG,CGV Crescent Mall,26/09/2026,2D Phụ Đề Anh,13:00
LÊN HƯƠNG,CGV Crescent Mall,26/09/2026,2D Phụ Đề Anh,18:00
LÊN HƯƠNG,CGV Crescent Mall,26/09/2026,2D Phụ Đề Anh,20:30
LÊN HƯƠNG,CGV Crescent Mall,26/09/2026,2D Phụ Đề Anh,23:10
MARNIE YÊU DẤU,CGV Crescent Mall,26/09/2026,2D Phụ Đề Việt,10:20
MARNIE YÊU DẤU,CGV Crescent Mall,26/09/2026,2D Phụ Đề Việt,15:00
TRẠI BUÔN NGƯỜI,CGV Crescent Mall,26/09/2026,2D Phụ Đề Anh,09:30
TRẠI BUÔN NGƯỜI,CGV Crescent Mall,26/09/2026,2D Phụ Đề Anh | Rạp Lamour,10:10
TRẠI BUÔN NGƯỜI,CGV Crescent Mall,26/09/2026,2D Phụ Đề Anh,10:50
TRẠI BUÔN NGƯỜI,CGV Crescent Mall,26/09/2026,2D Phụ Đề Anh | Rạp Cine & Living Room,11:40
TRẠI BUÔN NGƯỜI,CGV Crescent Mall,26/09/2026,2D Phụ Đề Anh,12:10
TRẠI BUÔN NGƯỜI,CGV Crescent Mall,26/09/2026,2D Phụ Đề Anh | Rạp Lamour,12:45
TRẠI BUÔN NGƯỜI,CGV Crescent Mall,26/09/2026,2D Phụ Đề Anh | Rạp Cine & Living Room,14:20
TRẠI BUÔN NGƯỜI,CGV Crescent Mall,26/09/2026,2D Phụ Đề Anh,14:50
TRẠI BUÔN NGƯỜI,CGV Crescent Mall,26/09/2026,2D Phụ Đề Anh,15:15
TRẠI BUÔN NGƯỜI,CGV Crescent Mall,26/09/2026,2D Phụ Đề Anh,15:40
TRẠI BUÔN NGƯỜI,CGV Crescent Mall,26/09/2026,2D Phụ Đề Anh,16:30
TRẠI BUÔN NGƯỜI,CGV Crescent Mall,26/09/2026,2D Phụ Đề Anh | Rạp Cine & Living Room,17:00
TRẠI BUÔN NGƯỜI,CGV Crescent Mall,26/09/2026,2D Phụ Đề Anh,17:30
TRẠI BUÔN NGƯỜI,CGV Crescent Mall,26/09/2026,2D Phụ Đề Anh,18:20
TRẠI BUÔN NGƯỜI,CGV Crescent Mall,26/09/2026,2D Phụ Đề Anh | Rạp Lamour,19:10
TRẠI BUÔN NGƯỜI,CGV Crescent Mall,26/09/2026,2D Phụ Đề Anh | Rạp Cine & Living Room,19:40
TRẠI BUÔN NGƯỜI,CGV Crescent Mall,26/09/2026,2D Phụ Đề Anh,20:10
TRẠI BUÔN NGƯỜI,CGV Crescent Mall,26/09/2026,2D Phụ Đề Anh,20:50
TRẠI BUÔN NGƯỜI,CGV Crescent Mall,26/09/2026,2D Phụ Đề Anh,21:30
TRẠI BUÔN NGƯỜI,CGV Crescent Mall,26/09/2026,2D Phụ Đề Anh | Rạp Lamour,22:00
TRẠI BUÔN NGƯỜI,CGV Crescent Mall,26/09/2026,2D Phụ Đề Anh | Rạp Cine & Living Room,22:30
TRẠI BUÔN NGƯỜI,CGV Crescent Mall,26/09/2026,2D Phụ Đề Anh,23:00
TRẠI BUÔN NGƯỜI,CGV Crescent Mall,26/09/2026,2D Phụ Đề Anh,23:20
VÙNG ĐẤT QUỶ DỮ,CGV Crescent Mall,26/09/2026,2D Phụ Đề Việt,14:00
VÙNG ĐẤT QUỶ DỮ,CGV Crescent Mall,26/09/2026,2D Phụ Đề Việt,16:00
VÙNG ĐẤT QUỶ DỮ,CGV Crescent Mall,26/09/2026,2D Phụ Đề Việt,19:20
VÙNG ĐẤT QUỶ DỮ,CGV Crescent Mall,26/09/2026,2D Phụ Đề Việt,22:10
VÙNG ĐẤT QUỶ DỮ,CGV Crescent Mall,26/09/2026,2D Phụ Đề Việt,23:35
ÚT LAN 2,CGV Crescent Mall,26/09/2026,2D Phụ Đề Anh | Rạp Cine & Living Room,09:20
ÚT LAN 2,CGV Crescent Mall,26/09/2026,2D Phụ Đề Anh,21:20
AVENGERS: HỒI KẾT - PHIÊN BẢN ĐẶC BIỆT (CHIẾU LẠI),CGV Crescent Mall,27/09/2026,2D Phụ Đề Việt | Rạp Lamour,11:40
AVENGERS: HỒI KẾT - PHIÊN BẢN ĐẶC BIỆT (CHIẾU LẠI),CGV Crescent Mall,27/09/2026,2D Phụ Đề Việt,12:50
AVENGERS: HỒI KẾT - PHIÊN BẢN ĐẶC BIỆT (CHIẾU LẠI),CGV Crescent Mall,27/09/2026,2D Phụ Đề Việt | Rạp Lamour,15:10
AVENGERS: HỒI KẾT - PHIÊN BẢN ĐẶC BIỆT (CHIẾU LẠI),CGV Crescent Mall,27/09/2026,2D Phụ Đề Việt,16:20
AVENGERS: HỒI KẾT - PHIÊN BẢN ĐẶC BIỆT (CHIẾU LẠI),CGV Crescent Mall,27/09/2026,2D Phụ Đề Việt | Rạp Lamour,18:40
CHIIKAWA: BÍ MẬT ĐẢO NGƯỜI CÁ,CGV Crescent Mall,27/09/2026,2D Phụ Đề Anh & Việt,09:10
HÒN ĐẢO QUÊN LÃNG,CGV Crescent Mall,27/09/2026,2D Lồng Tiếng Việt,19:50
LAPUTA: LÂU ĐÀI TRÊN KHÔNG,CGV Crescent Mall,27/09/2026,2D Lồng Tiếng Việt,10:00
LAPUTA: LÂU ĐÀI TRÊN KHÔNG,CGV Crescent Mall,27/09/2026,2D Phụ Đề Việt,12:30
LAPUTA: LÂU ĐÀI TRÊN KHÔNG,CGV Crescent Mall,27/09/2026,2D Lồng Tiếng Việt,17:10
LÊN HƯƠNG,CGV Crescent Mall,27/09/2026,2D Phụ Đề Anh,10:30
LÊN HƯƠNG,CGV Crescent Mall,27/09/2026,2D Phụ Đề Anh,13:10
LÊN HƯƠNG,CGV Crescent Mall,27/09/2026,2D Phụ Đề Anh,15:40
LÊN HƯƠNG,CGV Crescent Mall,27/09/2026,2D Phụ Đề Anh | Rạp Cine & Living Room,19:20
LÊN HƯƠNG,CGV Crescent Mall,27/09/2026,2D Phụ Đề Anh,22:15
MARNIE YÊU DẤU,CGV Crescent Mall,27/09/2026,2D Phụ Đề Việt,09:30
MARNIE YÊU DẤU,CGV Crescent Mall,27/09/2026,2D Phụ Đề Việt,15:00
TRẠI BUÔN NGƯỜI,CGV Crescent Mall,27/09/2026,2D Phụ Đề Anh | Rạp Lamour,09:00
TRẠI BUÔN NGƯỜI,CGV Crescent Mall,27/09/2026,2D Phụ Đề Anh,09:30
TRẠI BUÔN NGƯỜI,CGV Crescent Mall,27/09/2026,2D Phụ Đề Anh,10:10
TRẠI BUÔN NGƯỜI,CGV Crescent Mall,27/09/2026,2D Phụ Đề Anh | Rạp Cine & Living Room,11:10
TRẠI BUÔN NGƯỜI,CGV Crescent Mall,27/09/2026,2D Phụ Đề Anh,11:40
TRẠI BUÔN NGƯỜI,CGV Crescent Mall,27/09/2026,2D Phụ Đề Anh,12:10
TRẠI BUÔN NGƯỜI,CGV Crescent Mall,27/09/2026,2D Phụ Đề Anh,13:15
TRẠI BUÔN NGƯỜI,CGV Crescent Mall,27/09/2026,2D Phụ Đề Anh | Rạp Cine & Living Room,13:50
TRẠI BUÔN NGƯỜI,CGV Crescent Mall,27/09/2026,2D Phụ Đề Anh,14:20
TRẠI BUÔN NGƯỜI,CGV Crescent Mall,27/09/2026,2D Phụ Đề Anh,14:50
TRẠI BUÔN NGƯỜI,CGV Crescent Mall,27/09/2026,2D Phụ Đề Anh,16:00
TRẠI BUÔN NGƯỜI,CGV Crescent Mall,27/09/2026,2D Phụ Đề Anh | Rạp Cine & Living Room,16:30
TRẠI BUÔN NGƯỜI,CGV Crescent Mall,27/09/2026,2D Phụ Đề Anh,17:00
TRẠI BUÔN NGƯỜI,CGV Crescent Mall,27/09/2026,2D Phụ Đề Anh,17:30
TRẠI BUÔN NGƯỜI,CGV Crescent Mall,27/09/2026,2D Phụ Đề Anh,18:10
TRẠI BUÔN NGƯỜI,CGV Crescent Mall,27/09/2026,2D Phụ Đề Anh,18:50
TRẠI BUÔN NGƯỜI,CGV Crescent Mall,27/09/2026,2D Phụ Đề Anh,19:40
TRẠI BUÔN NGƯỜI,CGV Crescent Mall,27/09/2026,2D Phụ Đề Anh,20:10
TRẠI BUÔN NGƯỜI,CGV Crescent Mall,27/09/2026,2D Phụ Đề Anh,20:50
TRẠI BUÔN NGƯỜI,CGV Crescent Mall,27/09/2026,2D Phụ Đề Anh,21:30
TRẠI BUÔN NGƯỜI,CGV Crescent Mall,27/09/2026,2D Phụ Đề Anh | Rạp Cine & Living Room,22:00
TRẠI BUÔN NGƯỜI,CGV Crescent Mall,27/09/2026,2D Phụ Đề Anh,22:30
TRẠI BUÔN NGƯỜI,CGV Crescent Mall,27/09/2026,2D Phụ Đề Anh,22:50
TRẠI BUÔN NGƯỜI,CGV Crescent Mall,27/09/2026,2D Phụ Đề Anh,23:20
VÙNG ĐẤT QUỶ DỮ,CGV Crescent Mall,27/09/2026,2D Phụ Đề Việt | Rạp Cine & Living Room,09:10
VÙNG ĐẤT QUỶ DỮ,CGV Crescent Mall,27/09/2026,2D Phụ Đề Việt,11:15
VÙNG ĐẤT QUỶ DỮ,CGV Crescent Mall,27/09/2026,2D Phụ Đề Việt,20:00
VÙNG ĐẤT QUỶ DỮ,CGV Crescent Mall,27/09/2026,2D Phụ Đề Việt | Rạp Lamour,22:20
ÚT LAN 2,CGV Crescent Mall,27/09/2026,2D Phụ Đề Anh,21:50
AVENGERS: HỒI KẾT - PHIÊN BẢN ĐẶC BIỆT (CHIẾU LẠI),CGV Crescent Mall,28/09/2026,2D Phụ Đề Việt | Rạp Lamour,21:30
CHIIKAWA: BÍ MẬT ĐẢO NGƯỜI CÁ,CGV Crescent Mall,28/09/2026,2D Phụ Đề Anh & Việt,18:00
HÒN ĐẢO QUÊN LÃNG,CGV Crescent Mall,28/09/2026,2D Lồng Tiếng Việt,19:40
LAPUTA: LÂU ĐÀI TRÊN KHÔNG,CGV Crescent Mall,28/09/2026,2D Lồng Tiếng Việt,12:50
LAPUTA: LÂU ĐÀI TRÊN KHÔNG,CGV Crescent Mall,28/09/2026,2D Phụ Đề Việt,14:40
LAPUTA: LÂU ĐÀI TRÊN KHÔNG,CGV Crescent Mall,28/09/2026,2D Lồng Tiếng Việt,17:10
LÊN HƯƠNG,CGV Crescent Mall,28/09/2026,2D Phụ Đề Anh,09:35
LÊN HƯƠNG,CGV Crescent Mall,28/09/2026,2D Phụ Đề Anh,10:20
LÊN HƯƠNG,CGV Crescent Mall,28/09/2026,2D Phụ Đề Anh,15:30
LÊN HƯƠNG,CGV Crescent Mall,28/09/2026,2D Phụ Đề Anh,20:15
LÊN HƯƠNG,CGV Crescent Mall,28/09/2026,2D Phụ Đề Anh,22:40
MARNIE YÊU DẤU,CGV Crescent Mall,28/09/2026,2D Phụ Đề Việt,12:20
MARNIE YÊU DẤU,CGV Crescent Mall,28/09/2026,2D Phụ Đề Việt,16:50
TRẠI BUÔN NGƯỜI,CGV Crescent Mall,28/09/2026,2D Phụ Đề Anh,09:40
TRẠI BUÔN NGƯỜI,CGV Crescent Mall,28/09/2026,2D Phụ Đề Anh | Rạp Cine & Living Room,10:50
TRẠI BUÔN NGƯỜI,CGV Crescent Mall,28/09/2026,2D Phụ Đề Anh,11:30
TRẠI BUÔN NGƯỜI,CGV Crescent Mall,28/09/2026,2D Phụ Đề Anh,12:00
TRẠI BUÔN NGƯỜI,CGV Crescent Mall,28/09/2026,2D Phụ Đề Anh,12:30
TRẠI BUÔN NGƯỜI,CGV Crescent Mall,28/09/2026,2D Phụ Đề Anh | Rạp Cine & Living Room,13:40
TRẠI BUÔN NGƯỜI,CGV Crescent Mall,28/09/2026,2D Phụ Đề Anh,14:20
TRẠI BUÔN NGƯỜI,CGV Crescent Mall,28/09/2026,2D Phụ Đề Anh,15:10
TRẠI BUÔN NGƯỜI,CGV Crescent Mall,28/09/2026,2D Phụ Đề Anh | Rạp Cine & Living Room,16:30
TRẠI BUÔN NGƯỜI,CGV Crescent Mall,28/09/2026,2D Phụ Đề Anh,17:00
TRẠI BUÔN NGƯỜI,CGV Crescent Mall,28/09/2026,2D Phụ Đề Anh,17:50
TRẠI BUÔN NGƯỜI,CGV Crescent Mall,28/09/2026,2D Phụ Đề Anh | Rạp Cine & Living Room,19:10
TRẠI BUÔN NGƯỜI,CGV Crescent Mall,28/09/2026,2D Phụ Đề Anh,19:50
TRẠI BUÔN NGƯỜI,CGV Crescent Mall,28/09/2026,2D Phụ Đề Anh,20:30
TRẠI BUÔN NGƯỜI,CGV Crescent Mall,28/09/2026,2D Phụ Đề Anh | Rạp Cine & Living Room,21:50
TRẠI BUÔN NGƯỜI,CGV Crescent Mall,28/09/2026,2D Phụ Đề Anh,22:30
VÙNG ĐẤT QUỶ DỮ,CGV Crescent Mall,28/09/2026,2D Phụ Đề Việt,09:30
VÙNG ĐẤT QUỶ DỮ,CGV Crescent Mall,28/09/2026,2D Phụ Đề Việt | Rạp Lamour,19:30
VÙNG ĐẤT QUỶ DỮ,CGV Crescent Mall,28/09/2026,2D Phụ Đề Việt,23:10
ÚT LAN 2,CGV Crescent Mall,28/09/2026,2D Phụ Đề Anh,10:00
ÚT LAN 2,CGV Crescent Mall,28/09/2026,2D Phụ Đề Anh,14:30
ÚT LAN 2,CGV Crescent Mall,28/09/2026,2D Phụ Đề Anh,19:00
ÚT LAN 2,CGV Crescent Mall,28/09/2026,2D Phụ Đề Anh,22:00
AVENGERS: HỒI KẾT - PHIÊN BẢN ĐẶC BIỆT (CHIẾU LẠI),CGV Crescent Mall,29/09/2026,2D Phụ Đề Việt | Rạp Lamour,10:30
AVENGERS: HỒI KẾT - PHIÊN BẢN ĐẶC BIỆT (CHIẾU LẠI),CGV Crescent Mall,29/09/2026,2D Phụ Đề Việt | Rạp Lamour,16:00
AVENGERS: HỒI KẾT - PHIÊN BẢN ĐẶC BIỆT (CHIẾU LẠI),CGV Crescent Mall,29/09/2026,2D Phụ Đề Việt | Rạp Lamour,21:30
CHIIKAWA: BÍ MẬT ĐẢO NGƯỜI CÁ,CGV Crescent Mall,29/09/2026,2D Phụ Đề Anh & Việt,18:00
HÒN ĐẢO QUÊN LÃNG,CGV Crescent Mall,29/09/2026,2D Lồng Tiếng Việt,19:40
LAPUTA: LÂU ĐÀI TRÊN KHÔNG,CGV Crescent Mall,29/09/2026,2D Lồng Tiếng Việt,12:50
LAPUTA: LÂU ĐÀI TRÊN KHÔNG,CGV Crescent Mall,29/09/2026,2D Phụ Đề Việt,14:40
LAPUTA: LÂU ĐÀI TRÊN KHÔNG,CGV Crescent Mall,29/09/2026,2D Lồng Tiếng Việt,17:10
LÊN HƯƠNG,CGV Crescent Mall,29/09/2026,2D Phụ Đề Anh,09:35
LÊN HƯƠNG,CGV Crescent Mall,29/09/2026,2D Phụ Đề Anh,10:20
LÊN HƯƠNG,CGV Crescent Mall,29/09/2026,2D Phụ Đề Anh,15:30
LÊN HƯƠNG,CGV Crescent Mall,29/09/2026,2D Phụ Đề Anh,20:15
LÊN HƯƠNG,CGV Crescent Mall,29/09/2026,2D Phụ Đề Anh,22:40
MARNIE YÊU DẤU,CGV Crescent Mall,29/09/2026,2D Phụ Đề Việt,12:20
MARNIE YÊU DẤU,CGV Crescent Mall,29/09/2026,2D Phụ Đề Việt,16:50
TRẠI BUÔN NGƯỜI,CGV Crescent Mall,29/09/2026,2D Phụ Đề Anh,09:40
TRẠI BUÔN NGƯỜI,CGV Crescent Mall,29/09/2026,2D Phụ Đề Anh | Rạp Cine & Living Room,10:50
TRẠI BUÔN NGƯỜI,CGV Crescent Mall,29/09/2026,2D Phụ Đề Anh,11:30
TRẠI BUÔN NGƯỜI,CGV Crescent Mall,29/09/2026,2D Phụ Đề Anh,12:00
TRẠI BUÔN NGƯỜI,CGV Crescent Mall,29/09/2026,2D Phụ Đề Anh,12:30
TRẠI BUÔN NGƯỜI,CGV Crescent Mall,29/09/2026,2D Phụ Đề Anh | Rạp Cine & Living Room,13:40
TRẠI BUÔN NGƯỜI,CGV Crescent Mall,29/09/2026,2D Phụ Đề Anh,14:20
TRẠI BUÔN NGƯỜI,CGV Crescent Mall,29/09/2026,2D Phụ Đề Anh,15:10
TRẠI BUÔN NGƯỜI,CGV Crescent Mall,29/09/2026,2D Phụ Đề Anh | Rạp Cine & Living Room,16:30
TRẠI BUÔN NGƯỜI,CGV Crescent Mall,29/09/2026,2D Phụ Đề Anh,17:00
TRẠI BUÔN NGƯỜI,CGV Crescent Mall,29/09/2026,2D Phụ Đề Anh,17:50
TRẠI BUÔN NGƯỜI,CGV Crescent Mall,29/09/2026,2D Phụ Đề Anh | Rạp Cine & Living Room,19:10
TRẠI BUÔN NGƯỜI,CGV Crescent Mall,29/09/2026,2D Phụ Đề Anh,19:50
TRẠI BUÔN NGƯỜI,CGV Crescent Mall,29/09/2026,2D Phụ Đề Anh,20:30
TRẠI BUÔN NGƯỜI,CGV Crescent Mall,29/09/2026,2D Phụ Đề Anh | Rạp Cine & Living Room,21:50
TRẠI BUÔN NGƯỜI,CGV Crescent Mall,29/09/2026,2D Phụ Đề Anh,22:30
VÙNG ĐẤT QUỶ DỮ,CGV Crescent Mall,29/09/2026,2D Phụ Đề Việt,09:30
VÙNG ĐẤT QUỶ DỮ,CGV Crescent Mall,29/09/2026,2D Phụ Đề Việt | Rạp Lamour,14:00
VÙNG ĐẤT QUỶ DỮ,CGV Crescent Mall,29/09/2026,2D Phụ Đề Việt | Rạp Lamour,19:30
VÙNG ĐẤT QUỶ DỮ,CGV Crescent Mall,29/09/2026,2D Phụ Đề Việt,23:10
ÚT LAN 2,CGV Crescent Mall,29/09/2026,2D Phụ Đề Anh,10:00
ÚT LAN 2,CGV Crescent Mall,29/09/2026,2D Phụ Đề Anh,14:30
ÚT LAN 2,CGV Crescent Mall,29/09/2026,2D Phụ Đề Anh,19:00
ÚT LAN 2,CGV Crescent Mall,29/09/2026,2D Phụ Đề Anh,22:00
AVENGERS: HỒI KẾT - PHIÊN BẢN ĐẶC BIỆT (CHIẾU LẠI),CGV Crescent Mall,30/09/2026,2D Phụ Đề Việt | Rạp Lamour,10:30
AVENGERS: HỒI KẾT - PHIÊN BẢN ĐẶC BIỆT (CHIẾU LẠI),CGV Crescent Mall,30/09/2026,2D Phụ Đề Việt | Rạp Lamour,16:00
AVENGERS: HỒI KẾT - PHIÊN BẢN ĐẶC BIỆT (CHIẾU LẠI),CGV Crescent Mall,30/09/2026,2D Phụ Đề Việt | Rạp Lamour,21:30
CHIIKAWA: BÍ MẬT ĐẢO NGƯỜI CÁ,CGV Crescent Mall,30/09/2026,2D Phụ Đề Anh & Việt,18:00
HÒN ĐẢO QUÊN LÃNG,CGV Crescent Mall,30/09/2026,2D Lồng Tiếng Việt,19:40
LAPUTA: LÂU ĐÀI TRÊN KHÔNG,CGV Crescent Mall,30/09/2026,2D Lồng Tiếng Việt,12:50
LAPUTA: LÂU ĐÀI TRÊN KHÔNG,CGV Crescent Mall,30/09/2026,2D Phụ Đề Việt,14:40
LAPUTA: LÂU ĐÀI TRÊN KHÔNG,CGV Crescent Mall,30/09/2026,2D Lồng Tiếng Việt,17:10
LÊN HƯƠNG,CGV Crescent Mall,30/09/2026,2D Phụ Đề Anh,09:35
LÊN HƯƠNG,CGV Crescent Mall,30/09/2026,2D Phụ Đề Anh,10:20
LÊN HƯƠNG,CGV Crescent Mall,30/09/2026,2D Phụ Đề Anh,15:30
LÊN HƯƠNG,CGV Crescent Mall,30/09/2026,2D Phụ Đề Anh,20:15
LÊN HƯƠNG,CGV Crescent Mall,30/09/2026,2D Phụ Đề Anh,22:40
MARNIE YÊU DẤU,CGV Crescent Mall,30/09/2026,2D Phụ Đề Việt,12:20
MARNIE YÊU DẤU,CGV Crescent Mall,30/09/2026,2D Phụ Đề Việt,16:50
TRẠI BUÔN NGƯỜI,CGV Crescent Mall,30/09/2026,2D Phụ Đề Anh,09:40
TRẠI BUÔN NGƯỜI,CGV Crescent Mall,30/09/2026,2D Phụ Đề Anh | Rạp Cine & Living Room,10:50
TRẠI BUÔN NGƯỜI,CGV Crescent Mall,30/09/2026,2D Phụ Đề Anh,11:30
TRẠI BUÔN NGƯỜI,CGV Crescent Mall,30/09/2026,2D Phụ Đề Anh,12:00
TRẠI BUÔN NGƯỜI,CGV Crescent Mall,30/09/2026,2D Phụ Đề Anh,12:30
TRẠI BUÔN NGƯỜI,CGV Crescent Mall,30/09/2026,2D Phụ Đề Anh | Rạp Cine & Living Room,13:40
TRẠI BUÔN NGƯỜI,CGV Crescent Mall,30/09/2026,2D Phụ Đề Anh,14:20
TRẠI BUÔN NGƯỜI,CGV Crescent Mall,30/09/2026,2D Phụ Đề Anh,15:10
TRẠI BUÔN NGƯỜI,CGV Crescent Mall,30/09/2026,2D Phụ Đề Anh | Rạp Cine & Living Room,16:30
TRẠI BUÔN NGƯỜI,CGV Crescent Mall,30/09/2026,2D Phụ Đề Anh,17:00
TRẠI BUÔN NGƯỜI,CGV Crescent Mall,30/09/2026,2D Phụ Đề Anh,17:50
TRẠI BUÔN NGƯỜI,CGV Crescent Mall,30/09/2026,2D Phụ Đề Anh | Rạp Cine & Living Room,19:10
TRẠI BUÔN NGƯỜI,CGV Crescent Mall,30/09/2026,2D Phụ Đề Anh,19:50
TRẠI BUÔN NGƯỜI,CGV Crescent Mall,30/09/2026,2D Phụ Đề Anh,20:30
TRẠI BUÔN NGƯỜI,CGV Crescent Mall,30/09/2026,2D Phụ Đề Anh | Rạp Cine & Living Room,21:50
TRẠI BUÔN NGƯỜI,CGV Crescent Mall,30/09/2026,2D Phụ Đề Anh,22:30
VÙNG ĐẤT QUỶ DỮ,CGV Crescent Mall,30/09/2026,2D Phụ Đề Việt,09:30
VÙNG ĐẤT QUỶ DỮ,CGV Crescent Mall,30/09/2026,2D Phụ Đề Việt | Rạp Lamour,14:00
VÙNG ĐẤT QUỶ DỮ,CGV Crescent Mall,30/09/2026,2D Phụ Đề Việt | Rạp Lamour,19:30
VÙNG ĐẤT QUỶ DỮ,CGV Crescent Mall,30/09/2026,2D Phụ Đề Việt,23:10
ÚT LAN 2,CGV Crescent Mall,30/09/2026,2D Phụ Đề Anh,10:00
ÚT LAN 2,CGV Crescent Mall,30/09/2026,2D Phụ Đề Anh,14:30
ÚT LAN 2,CGV Crescent Mall,30/09/2026,2D Phụ Đề Anh,19:00
ÚT LAN 2,CGV Crescent Mall,30/09/2026,2D Phụ Đề Anh,22:00
AVENGERS: HỒI KẾT - PHIÊN BẢN ĐẶC BIỆT (CHIẾU LẠI),CGV Hùng Vương Plaza,01/10/2026,SCREENX-2D Phụ Đề Việt | Rạp SCREENX																 & Infinity Vision,09:00
AVENGERS: HỒI KẾT - PHIÊN BẢN ĐẶC BIỆT (CHIẾU LẠI),CGV Hùng Vương Plaza,01/10/2026,4DX2D Phụ Đề Việt | Rạp 4DX																 & Infinity Vision,11:30
AVENGERS: HỒI KẾT - PHIÊN BẢN ĐẶC BIỆT (CHIẾU LẠI),CGV Hùng Vương Plaza,01/10/2026,SCREENX-2D Phụ Đề Việt | Rạp SCREENX																 & Infinity Vision,14:50
AVENGERS: HỒI KẾT - PHIÊN BẢN ĐẶC BIỆT (CHIẾU LẠI),CGV Hùng Vương Plaza,01/10/2026,SCREENX-2D Phụ Đề Việt | Rạp SCREENX																 & Infinity Vision,18:40
AVENGERS: HỒI KẾT - PHIÊN BẢN ĐẶC BIỆT (CHIẾU LẠI),CGV Hùng Vương Plaza,01/10/2026,4DX2D Phụ Đề Việt | Rạp 4DX																 & Infinity Vision,20:40
HÒN ĐẢO QUÊN LÃNG,CGV Hùng Vương Plaza,01/10/2026,4DX2D Lồng Tiếng Việt | Rạp 4DX,09:20
HÒN ĐẢO QUÊN LÃNG,CGV Hùng Vương Plaza,01/10/2026,SCREENX-2D Phụ Đề Việt | Rạp SCREENX,12:30
LAPUTA: LÂU ĐÀI TRÊN KHÔNG,CGV Hùng Vương Plaza,01/10/2026,2D Phụ Đề Việt,13:10
LAPUTA: LÂU ĐÀI TRÊN KHÔNG,CGV Hùng Vương Plaza,01/10/2026,2D Phụ Đề Việt,15:50
LAPUTA: LÂU ĐÀI TRÊN KHÔNG,CGV Hùng Vương Plaza,01/10/2026,2D Phụ Đề Việt,18:20
LÊN HƯƠNG,CGV Hùng Vương Plaza,01/10/2026,2D Phụ Đề Anh,10:10
LÊN HƯƠNG,CGV Hùng Vương Plaza,01/10/2026,2D Phụ Đề Anh,15:10
MARNIE YÊU DẤU,CGV Hùng Vương Plaza,01/10/2026,2D Phụ Đề Việt,11:00
MARNIE YÊU DẤU,CGV Hùng Vương Plaza,01/10/2026,2D Phụ Đề Việt,15:00
TRẠI BUÔN NGƯỜI,CGV Hùng Vương Plaza,01/10/2026,2D Phụ Đề Anh,09:10
TRẠI BUÔN NGƯỜI,CGV Hùng Vương Plaza,01/10/2026,2D Phụ Đề Anh,09:40
TRẠI BUÔN NGƯỜI,CGV Hùng Vương Plaza,01/10/2026,2D Phụ Đề Anh,10:20
TRẠI BUÔN NGƯỜI,CGV Hùng Vương Plaza,01/10/2026,2D Phụ Đề Anh,10:50
TRẠI BUÔN NGƯỜI,CGV Hùng Vương Plaza,01/10/2026,2D Phụ Đề Anh | Rạp GOLD CLASS,11:20
TRẠI BUÔN NGƯỜI,CGV Hùng Vương Plaza,01/10/2026,2D Phụ Đề Anh,11:50
TRẠI BUÔN NGƯỜI,CGV Hùng Vương Plaza,01/10/2026,2D Phụ Đề Anh,12:20
TRẠI BUÔN NGƯỜI,CGV Hùng Vương Plaza,01/10/2026,2D Phụ Đề Anh,13:00
TRẠI BUÔN NGƯỜI,CGV Hùng Vương Plaza,01/10/2026,2D Phụ Đề Anh,13:40
TRẠI BUÔN NGƯỜI,CGV Hùng Vương Plaza,01/10/2026,2D Phụ Đề Anh | Rạp GOLD CLASS,14:10
TRẠI BUÔN NGƯỜI,CGV Hùng Vương Plaza,01/10/2026,2D Phụ Đề Anh,14:40
TRẠI BUÔN NGƯỜI,CGV Hùng Vương Plaza,01/10/2026,4DX2D Phụ Đề Anh | Rạp 4DX,15:20
TRẠI BUÔN NGƯỜI,CGV Hùng Vương Plaza,01/10/2026,2D Phụ Đề Anh,15:40
TRẠI BUÔN NGƯỜI,CGV Hùng Vương Plaza,01/10/2026,2D Phụ Đề Anh,16:20
TRẠI BUÔN NGƯỜI,CGV Hùng Vương Plaza,01/10/2026,2D Phụ Đề Anh | Rạp GOLD CLASS,16:50
TRẠI BUÔN NGƯỜI,CGV Hùng Vương Plaza,01/10/2026,2D Phụ Đề Anh,17:20
TRẠI BUÔN NGƯỜI,CGV Hùng Vương Plaza,01/10/2026,2D Phụ Đề Anh,17:40
TRẠI BUÔN NGƯỜI,CGV Hùng Vương Plaza,01/10/2026,4DX2D Phụ Đề Anh | Rạp 4DX,18:00
TRẠI BUÔN NGƯỜI,CGV Hùng Vương Plaza,01/10/2026,2D Phụ Đề Anh,18:30
TRẠI BUÔN NGƯỜI,CGV Hùng Vương Plaza,01/10/2026,2D Phụ Đề Anh,19:00
TRẠI BUÔN NGƯỜI,CGV Hùng Vương Plaza,01/10/2026,2D Phụ Đề Anh | Rạp GOLD CLASS,19:30
TRẠI BUÔN NGƯỜI,CGV Hùng Vương Plaza,01/10/2026,2D Phụ Đề Anh,20:00
TRẠI BUÔN NGƯỜI,CGV Hùng Vương Plaza,01/10/2026,2D Phụ Đề Anh,20:50
TRẠI BUÔN NGƯỜI,CGV Hùng Vương Plaza,01/10/2026,2D Phụ Đề Anh,21:10
TRẠI BUÔN NGƯỜI,CGV Hùng Vương Plaza,01/10/2026,2D Phụ Đề Anh,21:40
TRẠI BUÔN NGƯỜI,CGV Hùng Vương Plaza,01/10/2026,2D Phụ Đề Anh | Rạp GOLD CLASS,22:10
TRẠI BUÔN NGƯỜI,CGV Hùng Vương Plaza,01/10/2026,2D Phụ Đề Anh,22:40
VÙNG ĐẤT QUỶ DỮ,CGV Hùng Vương Plaza,01/10/2026,2D Phụ Đề Việt,09:00
VÙNG ĐẤT QUỶ DỮ,CGV Hùng Vương Plaza,01/10/2026,SCREENX-2D Phụ Đề Việt | Rạp SCREENX,22:20
ÚT LAN 2,CGV Hùng Vương Plaza,01/10/2026,2D Phụ Đề Anh,12:40
TRÁI TIM QUÁI THÚ,CGV Hùng Vương Plaza,02/10/2026,2D Phụ Đề Việt,10:50
ÁN MẠNG KARAOKE,CGV Hùng Vương Plaza,02/10/2026,2D Phụ Đề Anh,08:50
ÁN MẠNG KARAOKE,CGV Hùng Vương Plaza,02/10/2026,2D Phụ Đề Anh,13:00
ÁN MẠNG KARAOKE,CGV Hùng Vương Plaza,02/10/2026,2D Phụ Đề Anh,15:00
TRÁI TIM QUÁI THÚ,CGV Hùng Vương Plaza,03/10/2026,2D Phụ Đề Việt,16:20
ÁN MẠNG KARAOKE,CGV Hùng Vương Plaza,03/10/2026,2D Phụ Đề Anh,09:50
ÁN MẠNG KARAOKE,CGV Hùng Vương Plaza,03/10/2026,2D Phụ Đề Anh,12:00
ÁN MẠNG KARAOKE,CGV Hùng Vương Plaza,03/10/2026,2D Phụ Đề Anh,14:10
TRÁI TIM QUÁI THÚ,CGV Hùng Vương Plaza,04/10/2026,2D Phụ Đề Việt,16:20
ÁN MẠNG KARAOKE,CGV Hùng Vương Plaza,04/10/2026,2D Phụ Đề Anh,09:50
ÁN MẠNG KARAOKE,CGV Hùng Vương Plaza,04/10/2026,2D Phụ Đề Anh,12:00
ÁN MẠNG KARAOKE,CGV Hùng Vương Plaza,04/10/2026,2D Phụ Đề Anh,14:10
AVENGERS: HỒI KẾT - PHIÊN BẢN ĐẶC BIỆT (CHIẾU LẠI),CGV Hùng Vương Plaza,25/09/2026,4DX2D Phụ Đề Việt | Rạp 4DX																 & Infinity Vision,20:40
AVENGERS: HỒI KẾT - PHIÊN BẢN ĐẶC BIỆT (CHIẾU LẠI),CGV Hùng Vương Plaza,25/09/2026,SCREENX-2D Phụ Đề Việt | Rạp SCREENX																 & Infinity Vision,21:50
LÊN HƯƠNG,CGV Hùng Vương Plaza,25/09/2026,2D Phụ Đề Anh,22:40
TRẠI BUÔN NGƯỜI,CGV Hùng Vương Plaza,25/09/2026,2D Phụ Đề Anh,21:10
TRẠI BUÔN NGƯỜI,CGV Hùng Vương Plaza,25/09/2026,2D Phụ Đề Anh,21:40
TRẠI BUÔN NGƯỜI,CGV Hùng Vương Plaza,25/09/2026,2D Phụ Đề Anh | Rạp GOLD CLASS,22:10
TRẠI BUÔN NGƯỜI,CGV Hùng Vương Plaza,25/09/2026,2D Phụ Đề Anh,22:25
TRẠI BUÔN NGƯỜI,CGV Hùng Vương Plaza,25/09/2026,2D Phụ Đề Anh,22:40
VÙNG ĐẤT QUỶ DỮ,CGV Hùng Vương Plaza,25/09/2026,2D Phụ Đề Việt,20:50
ÚT LAN 2,CGV Hùng Vương Plaza,25/09/2026,2D Phụ Đề Anh,22:50
AVENGERS: HỒI KẾT - PHIÊN BẢN ĐẶC BIỆT (CHIẾU LẠI),CGV Hùng Vương Plaza,26/09/2026,SCREENX-2D Phụ Đề Việt | Rạp SCREENX																 & Infinity Vision,09:00
AVENGERS: HỒI KẾT - PHIÊN BẢN ĐẶC BIỆT (CHIẾU LẠI),CGV Hùng Vương Plaza,26/09/2026,4DX2D Phụ Đề Việt | Rạp 4DX																 & Infinity Vision,11:30
AVENGERS: HỒI KẾT - PHIÊN BẢN ĐẶC BIỆT (CHIẾU LẠI),CGV Hùng Vương Plaza,26/09/2026,SCREENX-2D Phụ Đề Việt | Rạp SCREENX																 & Infinity Vision,14:50
AVENGERS: HỒI KẾT - PHIÊN BẢN ĐẶC BIỆT (CHIẾU LẠI),CGV Hùng Vương Plaza,26/09/2026,SCREENX-2D Phụ Đề Việt | Rạp SCREENX																 & Infinity Vision,18:20
AVENGERS: HỒI KẾT - PHIÊN BẢN ĐẶC BIỆT (CHIẾU LẠI),CGV Hùng Vương Plaza,26/09/2026,4DX2D Phụ Đề Việt | Rạp 4DX																 & Infinity Vision,20:40
BÓNG MA NHÀ HÁT,CGV Hùng Vương Plaza,26/09/2026,2D Phụ Đề Anh,08:40
HÒN ĐẢO QUÊN LÃNG,CGV Hùng Vương Plaza,26/09/2026,4DX2D Lồng Tiếng Việt | Rạp 4DX,09:20
HÒN ĐẢO QUÊN LÃNG,CGV Hùng Vương Plaza,26/09/2026,SCREENX-2D Phụ Đề Việt | Rạp SCREENX,12:30
HÒN ĐẢO QUÊN LÃNG,CGV Hùng Vương Plaza,26/09/2026,2D Lồng Tiếng Việt,14:00
LAPUTA: LÂU ĐÀI TRÊN KHÔNG,CGV Hùng Vương Plaza,26/09/2026,2D Phụ Đề Việt,12:20
LAPUTA: LÂU ĐÀI TRÊN KHÔNG,CGV Hùng Vương Plaza,26/09/2026,2D Phụ Đề Việt,14:50
LAPUTA: LÂU ĐÀI TRÊN KHÔNG,CGV Hùng Vương Plaza,26/09/2026,2D Phụ Đề Việt,17:20
LAPUTA: LÂU ĐÀI TRÊN KHÔNG,CGV Hùng Vương Plaza,26/09/2026,2D Phụ Đề Việt,19:50
LÊN HƯƠNG,CGV Hùng Vương Plaza,26/09/2026,2D Phụ Đề Anh,09:10
LÊN HƯƠNG,CGV Hùng Vương Plaza,26/09/2026,2D Phụ Đề Anh,22:50
MARNIE YÊU DẤU,CGV Hùng Vương Plaza,26/09/2026,2D Phụ Đề Việt,10:00
MARNIE YÊU DẤU,CGV Hùng Vương Plaza,26/09/2026,2D Phụ Đề Việt,16:30
TRẠI BUÔN NGƯỜI,CGV Hùng Vương Plaza,26/09/2026,2D Phụ Đề Anh | Rạp GOLD CLASS,08:40
TRẠI BUÔN NGƯỜI,CGV Hùng Vương Plaza,26/09/2026,2D Phụ Đề Anh,09:10
TRẠI BUÔN NGƯỜI,CGV Hùng Vương Plaza,26/09/2026,2D Phụ Đề Anh,09:40
TRẠI BUÔN NGƯỜI,CGV Hùng Vương Plaza,26/09/2026,2D Phụ Đề Anh,10:20
TRẠI BUÔN NGƯỜI,CGV Hùng Vương Plaza,26/09/2026,2D Phụ Đề Anh,10:50
TRẠI BUÔN NGƯỜI,CGV Hùng Vương Plaza,26/09/2026,2D Phụ Đề Anh | Rạp GOLD CLASS,11:20
TRẠI BUÔN NGƯỜI,CGV Hùng Vương Plaza,26/09/2026,2D Phụ Đề Anh,11:50
TRẠI BUÔN NGƯỜI,CGV Hùng Vương Plaza,26/09/2026,2D Phụ Đề Anh,12:20
TRẠI BUÔN NGƯỜI,CGV Hùng Vương Plaza,26/09/2026,2D Phụ Đề Anh,13:10
TRẠI BUÔN NGƯỜI,CGV Hùng Vương Plaza,26/09/2026,2D Phụ Đề Anh,13:40
TRẠI BUÔN NGƯỜI,CGV Hùng Vương Plaza,26/09/2026,2D Phụ Đề Anh | Rạp GOLD CLASS,14:10
TRẠI BUÔN NGƯỜI,CGV Hùng Vương Plaza,26/09/2026,2D Phụ Đề Anh,14:40
TRẠI BUÔN NGƯỜI,CGV Hùng Vương Plaza,26/09/2026,4DX2D Phụ Đề Anh | Rạp 4DX,15:20
TRẠI BUÔN NGƯỜI,CGV Hùng Vương Plaza,26/09/2026,2D Phụ Đề Anh,15:50
TRẠI BUÔN NGƯỜI,CGV Hùng Vương Plaza,26/09/2026,2D Phụ Đề Anh,16:20
TRẠI BUÔN NGƯỜI,CGV Hùng Vương Plaza,26/09/2026,2D Phụ Đề Anh | Rạp GOLD CLASS,16:50
TRẠI BUÔN NGƯỜI,CGV Hùng Vương Plaza,26/09/2026,2D Phụ Đề Anh,17:20
TRẠI BUÔN NGƯỜI,CGV Hùng Vương Plaza,26/09/2026,2D Phụ Đề Anh,17:40
TRẠI BUÔN NGƯỜI,CGV Hùng Vương Plaza,26/09/2026,4DX2D Phụ Đề Anh | Rạp 4DX,18:00
TRẠI BUÔN NGƯỜI,CGV Hùng Vương Plaza,26/09/2026,2D Phụ Đề Anh,18:30
TRẠI BUÔN NGƯỜI,CGV Hùng Vương Plaza,26/09/2026,2D Phụ Đề Anh,19:00
TRẠI BUÔN NGƯỜI,CGV Hùng Vương Plaza,26/09/2026,2D Phụ Đề Anh | Rạp GOLD CLASS,19:30
TRẠI BUÔN NGƯỜI,CGV Hùng Vương Plaza,26/09/2026,2D Phụ Đề Anh,20:00
TRẠI BUÔN NGƯỜI,CGV Hùng Vương Plaza,26/09/2026,2D Phụ Đề Anh,20:30
TRẠI BUÔN NGƯỜI,CGV Hùng Vương Plaza,26/09/2026,2D Phụ Đề Anh,21:10
TRẠI BUÔN NGƯỜI,CGV Hùng Vương Plaza,26/09/2026,2D Phụ Đề Anh,21:40
TRẠI BUÔN NGƯỜI,CGV Hùng Vương Plaza,26/09/2026,2D Phụ Đề Anh | Rạp GOLD CLASS,22:10
TRẠI BUÔN NGƯỜI,CGV Hùng Vương Plaza,26/09/2026,2D Phụ Đề Anh,22:40
VÙNG ĐẤT QUỶ DỮ,CGV Hùng Vương Plaza,26/09/2026,2D Phụ Đề Việt,20:50
VÙNG ĐẤT QUỶ DỮ,CGV Hùng Vương Plaza,26/09/2026,SCREENX-2D Phụ Đề Việt | Rạp SCREENX,21:50
VÙNG ĐẤT QUỶ DỮ,CGV Hùng Vương Plaza,26/09/2026,2D Phụ Đề Việt,22:20
ÚT LAN 2,CGV Hùng Vương Plaza,26/09/2026,2D Phụ Đề Anh,11:40
ÚT LAN 2,CGV Hùng Vương Plaza,26/09/2026,2D Phụ Đề Anh,18:40
AVENGERS: HỒI KẾT - PHIÊN BẢN ĐẶC BIỆT (CHIẾU LẠI),CGV Hùng Vương Plaza,27/09/2026,SCREENX-2D Phụ Đề Việt | Rạp SCREENX																 & Infinity Vision,09:00
AVENGERS: HỒI KẾT - PHIÊN BẢN ĐẶC BIỆT (CHIẾU LẠI),CGV Hùng Vương Plaza,27/09/2026,4DX2D Phụ Đề Việt | Rạp 4DX																 & Infinity Vision,11:30
AVENGERS: HỒI KẾT - PHIÊN BẢN ĐẶC BIỆT (CHIẾU LẠI),CGV Hùng Vương Plaza,27/09/2026,SCREENX-2D Phụ Đề Việt | Rạp SCREENX																 & Infinity Vision,14:50
AVENGERS: HỒI KẾT - PHIÊN BẢN ĐẶC BIỆT (CHIẾU LẠI),CGV Hùng Vương Plaza,27/09/2026,SCREENX-2D Phụ Đề Việt | Rạp SCREENX																 & Infinity Vision,18:20
AVENGERS: HỒI KẾT - PHIÊN BẢN ĐẶC BIỆT (CHIẾU LẠI),CGV Hùng Vương Plaza,27/09/2026,4DX2D Phụ Đề Việt | Rạp 4DX																 & Infinity Vision,20:40
HÒN ĐẢO QUÊN LÃNG,CGV Hùng Vương Plaza,27/09/2026,4DX2D Lồng Tiếng Việt | Rạp 4DX,09:20
HÒN ĐẢO QUÊN LÃNG,CGV Hùng Vương Plaza,27/09/2026,SCREENX-2D Phụ Đề Việt | Rạp SCREENX,12:30
LAPUTA: LÂU ĐÀI TRÊN KHÔNG,CGV Hùng Vương Plaza,27/09/2026,2D Phụ Đề Việt,12:20
LAPUTA: LÂU ĐÀI TRÊN KHÔNG,CGV Hùng Vương Plaza,27/09/2026,2D Phụ Đề Việt,15:00
LAPUTA: LÂU ĐÀI TRÊN KHÔNG,CGV Hùng Vương Plaza,27/09/2026,2D Phụ Đề Việt,16:10
LAPUTA: LÂU ĐÀI TRÊN KHÔNG,CGV Hùng Vương Plaza,27/09/2026,2D Phụ Đề Việt,19:50
LÊN HƯƠNG,CGV Hùng Vương Plaza,27/09/2026,2D Phụ Đề Anh,11:10
LÊN HƯƠNG,CGV Hùng Vương Plaza,27/09/2026,2D Phụ Đề Anh,13:45
LÊN HƯƠNG,CGV Hùng Vương Plaza,27/09/2026,2D Phụ Đề Anh,15:10
MARNIE YÊU DẤU,CGV Hùng Vương Plaza,27/09/2026,2D Phụ Đề Việt,10:00
MARNIE YÊU DẤU,CGV Hùng Vương Plaza,27/09/2026,2D Phụ Đề Việt,17:40
TRẠI BUÔN NGƯỜI,CGV Hùng Vương Plaza,27/09/2026,2D Phụ Đề Anh | Rạp GOLD CLASS,08:40
TRẠI BUÔN NGƯỜI,CGV Hùng Vương Plaza,27/09/2026,2D Phụ Đề Anh,09:10
TRẠI BUÔN NGƯỜI,CGV Hùng Vương Plaza,27/09/2026,2D Phụ Đề Anh,09:40
TRẠI BUÔN NGƯỜI,CGV Hùng Vương Plaza,27/09/2026,2D Phụ Đề Anh,10:20
TRẠI BUÔN NGƯỜI,CGV Hùng Vương Plaza,27/09/2026,2D Phụ Đề Anh,10:50
TRẠI BUÔN NGƯỜI,CGV Hùng Vương Plaza,27/09/2026,2D Phụ Đề Anh | Rạp GOLD CLASS,11:20
TRẠI BUÔN NGƯỜI,CGV Hùng Vương Plaza,27/09/2026,2D Phụ Đề Anh,11:50
TRẠI BUÔN NGƯỜI,CGV Hùng Vương Plaza,27/09/2026,2D Phụ Đề Anh,12:20
TRẠI BUÔN NGƯỜI,CGV Hùng Vương Plaza,27/09/2026,2D Phụ Đề Anh,13:10
TRẠI BUÔN NGƯỜI,CGV Hùng Vương Plaza,27/09/2026,2D Phụ Đề Anh,13:40
TRẠI BUÔN NGƯỜI,CGV Hùng Vương Plaza,27/09/2026,2D Phụ Đề Anh | Rạp GOLD CLASS,14:10
TRẠI BUÔN NGƯỜI,CGV Hùng Vương Plaza,27/09/2026,2D Phụ Đề Anh,14:40
TRẠI BUÔN NGƯỜI,CGV Hùng Vương Plaza,27/09/2026,4DX2D Phụ Đề Anh | Rạp 4DX,15:20
TRẠI BUÔN NGƯỜI,CGV Hùng Vương Plaza,27/09/2026,2D Phụ Đề Anh,15:50
TRẠI BUÔN NGƯỜI,CGV Hùng Vương Plaza,27/09/2026,2D Phụ Đề Anh,16:20
TRẠI BUÔN NGƯỜI,CGV Hùng Vương Plaza,27/09/2026,2D Phụ Đề Anh | Rạp GOLD CLASS,16:50
TRẠI BUÔN NGƯỜI,CGV Hùng Vương Plaza,27/09/2026,2D Phụ Đề Anh,17:20
TRẠI BUÔN NGƯỜI,CGV Hùng Vương Plaza,27/09/2026,4DX2D Phụ Đề Anh | Rạp 4DX,18:00
TRẠI BUÔN NGƯỜI,CGV Hùng Vương Plaza,27/09/2026,2D Phụ Đề Anh,18:30
TRẠI BUÔN NGƯỜI,CGV Hùng Vương Plaza,27/09/2026,2D Phụ Đề Anh,19:00
TRẠI BUÔN NGƯỜI,CGV Hùng Vương Plaza,27/09/2026,2D Phụ Đề Anh | Rạp GOLD CLASS,19:30
TRẠI BUÔN NGƯỜI,CGV Hùng Vương Plaza,27/09/2026,2D Phụ Đề Anh,20:00
TRẠI BUÔN NGƯỜI,CGV Hùng Vương Plaza,27/09/2026,2D Phụ Đề Anh,20:30
TRẠI BUÔN NGƯỜI,CGV Hùng Vương Plaza,27/09/2026,2D Phụ Đề Anh,21:10
TRẠI BUÔN NGƯỜI,CGV Hùng Vương Plaza,27/09/2026,2D Phụ Đề Anh,21:40
TRẠI BUÔN NGƯỜI,CGV Hùng Vương Plaza,27/09/2026,2D Phụ Đề Anh | Rạp GOLD CLASS,22:10
TRẠI BUÔN NGƯỜI,CGV Hùng Vương Plaza,27/09/2026,2D Phụ Đề Anh,22:40
VÙNG ĐẤT QUỶ DỮ,CGV Hùng Vương Plaza,27/09/2026,2D Phụ Đề Việt,08:50
VÙNG ĐẤT QUỶ DỮ,CGV Hùng Vương Plaza,27/09/2026,2D Phụ Đề Việt,20:50
VÙNG ĐẤT QUỶ DỮ,CGV Hùng Vương Plaza,27/09/2026,SCREENX-2D Phụ Đề Việt | Rạp SCREENX,21:50
ÚT LAN 2,CGV Hùng Vương Plaza,27/09/2026,2D Phụ Đề Anh,08:50
ÚT LAN 2,CGV Hùng Vương Plaza,27/09/2026,2D Phụ Đề Anh,18:40
ÚT LAN 2,CGV Hùng Vương Plaza,27/09/2026,2D Phụ Đề Anh,22:50
AVENGERS: HỒI KẾT - PHIÊN BẢN ĐẶC BIỆT (CHIẾU LẠI),CGV Hùng Vương Plaza,28/09/2026,SCREENX-2D Phụ Đề Việt | Rạp SCREENX																 & Infinity Vision,09:00
AVENGERS: HỒI KẾT - PHIÊN BẢN ĐẶC BIỆT (CHIẾU LẠI),CGV Hùng Vương Plaza,28/09/2026,4DX2D Phụ Đề Việt | Rạp 4DX																 & Infinity Vision,12:00
AVENGERS: HỒI KẾT - PHIÊN BẢN ĐẶC BIỆT (CHIẾU LẠI),CGV Hùng Vương Plaza,28/09/2026,SCREENX-2D Phụ Đề Việt | Rạp SCREENX																 & Infinity Vision,14:50
AVENGERS: HỒI KẾT - PHIÊN BẢN ĐẶC BIỆT (CHIẾU LẠI),CGV Hùng Vương Plaza,28/09/2026,SCREENX-2D Phụ Đề Việt | Rạp SCREENX																 & Infinity Vision,18:20
AVENGERS: HỒI KẾT - PHIÊN BẢN ĐẶC BIỆT (CHIẾU LẠI),CGV Hùng Vương Plaza,28/09/2026,4DX2D Phụ Đề Việt | Rạp 4DX																 & Infinity Vision,20:40
HÒN ĐẢO QUÊN LÃNG,CGV Hùng Vương Plaza,28/09/2026,4DX2D Lồng Tiếng Việt | Rạp 4DX,09:40
HÒN ĐẢO QUÊN LÃNG,CGV Hùng Vương Plaza,28/09/2026,SCREENX-2D Phụ Đề Việt | Rạp SCREENX,12:30
LAPUTA: LÂU ĐÀI TRÊN KHÔNG,CGV Hùng Vương Plaza,28/09/2026,2D Phụ Đề Việt,13:10
LAPUTA: LÂU ĐÀI TRÊN KHÔNG,CGV Hùng Vương Plaza,28/09/2026,2D Phụ Đề Việt,15:40
LAPUTA: LÂU ĐÀI TRÊN KHÔNG,CGV Hùng Vương Plaza,28/09/2026,2D Phụ Đề Việt,18:10
LÊN HƯƠNG,CGV Hùng Vương Plaza,28/09/2026,2D Phụ Đề Anh,10:10
LÊN HƯƠNG,CGV Hùng Vương Plaza,28/09/2026,2D Phụ Đề Anh,15:10
MARNIE YÊU DẤU,CGV Hùng Vương Plaza,28/09/2026,2D Phụ Đề Việt,11:00
MARNIE YÊU DẤU,CGV Hùng Vương Plaza,28/09/2026,2D Phụ Đề Việt,15:00
TRẠI BUÔN NGƯỜI,CGV Hùng Vương Plaza,28/09/2026,2D Phụ Đề Anh,09:10
TRẠI BUÔN NGƯỜI,CGV Hùng Vương Plaza,28/09/2026,2D Phụ Đề Anh,09:40
TRẠI BUÔN NGƯỜI,CGV Hùng Vương Plaza,28/09/2026,2D Phụ Đề Anh,10:20
TRẠI BUÔN NGƯỜI,CGV Hùng Vương Plaza,28/09/2026,2D Phụ Đề Anh,10:50
TRẠI BUÔN NGƯỜI,CGV Hùng Vương Plaza,28/09/2026,2D Phụ Đề Anh | Rạp GOLD CLASS,11:20
TRẠI BUÔN NGƯỜI,CGV Hùng Vương Plaza,28/09/2026,2D Phụ Đề Anh,11:50
TRẠI BUÔN NGƯỜI,CGV Hùng Vương Plaza,28/09/2026,2D Phụ Đề Anh,12:20
TRẠI BUÔN NGƯỜI,CGV Hùng Vương Plaza,28/09/2026,2D Phụ Đề Anh,13:00
TRẠI BUÔN NGƯỜI,CGV Hùng Vương Plaza,28/09/2026,2D Phụ Đề Anh,13:40
TRẠI BUÔN NGƯỜI,CGV Hùng Vương Plaza,28/09/2026,2D Phụ Đề Anh | Rạp GOLD CLASS,14:10
TRẠI BUÔN NGƯỜI,CGV Hùng Vương Plaza,28/09/2026,2D Phụ Đề Anh,14:40
TRẠI BUÔN NGƯỜI,CGV Hùng Vương Plaza,28/09/2026,4DX2D Phụ Đề Anh | Rạp 4DX,15:20
TRẠI BUÔN NGƯỜI,CGV Hùng Vương Plaza,28/09/2026,2D Phụ Đề Anh,15:50
TRẠI BUÔN NGƯỜI,CGV Hùng Vương Plaza,28/09/2026,2D Phụ Đề Anh,16:20
TRẠI BUÔN NGƯỜI,CGV Hùng Vương Plaza,28/09/2026,2D Phụ Đề Anh | Rạp GOLD CLASS,16:50
TRẠI BUÔN NGƯỜI,CGV Hùng Vương Plaza,28/09/2026,2D Phụ Đề Anh,17:20
TRẠI BUÔN NGƯỜI,CGV Hùng Vương Plaza,28/09/2026,4DX2D Phụ Đề Anh | Rạp 4DX,18:00
TRẠI BUÔN NGƯỜI,CGV Hùng Vương Plaza,28/09/2026,2D Phụ Đề Anh,18:30
TRẠI BUÔN NGƯỜI,CGV Hùng Vương Plaza,28/09/2026,2D Phụ Đề Anh,19:00
TRẠI BUÔN NGƯỜI,CGV Hùng Vương Plaza,28/09/2026,2D Phụ Đề Anh | Rạp GOLD CLASS,19:30
TRẠI BUÔN NGƯỜI,CGV Hùng Vương Plaza,28/09/2026,2D Phụ Đề Anh,20:30
TRẠI BUÔN NGƯỜI,CGV Hùng Vương Plaza,28/09/2026,2D Phụ Đề Anh,21:10
TRẠI BUÔN NGƯỜI,CGV Hùng Vương Plaza,28/09/2026,2D Phụ Đề Anh,21:40
TRẠI BUÔN NGƯỜI,CGV Hùng Vương Plaza,28/09/2026,2D Phụ Đề Anh | Rạp GOLD CLASS,22:10
VÙNG ĐẤT QUỶ DỮ,CGV Hùng Vương Plaza,28/09/2026,2D Phụ Đề Việt,08:50
VÙNG ĐẤT QUỶ DỮ,CGV Hùng Vương Plaza,28/09/2026,2D Phụ Đề Việt,20:50
VÙNG ĐẤT QUỶ DỮ,CGV Hùng Vương Plaza,28/09/2026,SCREENX-2D Phụ Đề Việt | Rạp SCREENX,21:50
ÚT LAN 2,CGV Hùng Vương Plaza,28/09/2026,2D Phụ Đề Anh | Rạp GOLD CLASS,09:00
ÚT LAN 2,CGV Hùng Vương Plaza,28/09/2026,2D Phụ Đề Anh,12:40
ÚT LAN 2,CGV Hùng Vương Plaza,28/09/2026,2D Phụ Đề Anh,22:50
AVENGERS: HỒI KẾT - PHIÊN BẢN ĐẶC BIỆT (CHIẾU LẠI),CGV Hùng Vương Plaza,29/09/2026,SCREENX-2D Phụ Đề Việt | Rạp SCREENX																 & Infinity Vision,09:30
AVENGERS: HỒI KẾT - PHIÊN BẢN ĐẶC BIỆT (CHIẾU LẠI),CGV Hùng Vương Plaza,29/09/2026,4DX2D Phụ Đề Việt | Rạp 4DX																 & Infinity Vision,11:30
AVENGERS: HỒI KẾT - PHIÊN BẢN ĐẶC BIỆT (CHIẾU LẠI),CGV Hùng Vương Plaza,29/09/2026,SCREENX-2D Phụ Đề Việt | Rạp SCREENX																 & Infinity Vision,15:30
AVENGERS: HỒI KẾT - PHIÊN BẢN ĐẶC BIỆT (CHIẾU LẠI),CGV Hùng Vương Plaza,29/09/2026,SCREENX-2D Phụ Đề Việt | Rạp SCREENX																 & Infinity Vision,19:10
AVENGERS: HỒI KẾT - PHIÊN BẢN ĐẶC BIỆT (CHIẾU LẠI),CGV Hùng Vương Plaza,29/09/2026,4DX2D Phụ Đề Việt | Rạp 4DX																 & Infinity Vision,20:40
HÒN ĐẢO QUÊN LÃNG,CGV Hùng Vương Plaza,29/09/2026,4DX2D Lồng Tiếng Việt | Rạp 4DX,09:20
HÒN ĐẢO QUÊN LÃNG,CGV Hùng Vương Plaza,29/09/2026,SCREENX-2D Phụ Đề Việt | Rạp SCREENX,13:10
LAPUTA: LÂU ĐÀI TRÊN KHÔNG,CGV Hùng Vương Plaza,29/09/2026,2D Phụ Đề Việt,13:20
LAPUTA: LÂU ĐÀI TRÊN KHÔNG,CGV Hùng Vương Plaza,29/09/2026,2D Phụ Đề Việt,15:50
LAPUTA: LÂU ĐÀI TRÊN KHÔNG,CGV Hùng Vương Plaza,29/09/2026,2D Phụ Đề Việt,18:20
LÊN HƯƠNG,CGV Hùng Vương Plaza,29/09/2026,2D Phụ Đề Anh,10:10
LÊN HƯƠNG,CGV Hùng Vương Plaza,29/09/2026,2D Phụ Đề Anh,15:10
MARNIE YÊU DẤU,CGV Hùng Vương Plaza,29/09/2026,2D Phụ Đề Việt,11:10
MARNIE YÊU DẤU,CGV Hùng Vương Plaza,29/09/2026,2D Phụ Đề Việt,15:00
TRẠI BUÔN NGƯỜI,CGV Hùng Vương Plaza,29/09/2026,2D Phụ Đề Anh,09:10
TRẠI BUÔN NGƯỜI,CGV Hùng Vương Plaza,29/09/2026,2D Phụ Đề Anh,09:40
TRẠI BUÔN NGƯỜI,CGV Hùng Vương Plaza,29/09/2026,2D Phụ Đề Anh,10:20
TRẠI BUÔN NGƯỜI,CGV Hùng Vương Plaza,29/09/2026,2D Phụ Đề Anh,10:50
TRẠI BUÔN NGƯỜI,CGV Hùng Vương Plaza,29/09/2026,2D Phụ Đề Anh | Rạp GOLD CLASS,11:20
TRẠI BUÔN NGƯỜI,CGV Hùng Vương Plaza,29/09/2026,2D Phụ Đề Anh,11:50
TRẠI BUÔN NGƯỜI,CGV Hùng Vương Plaza,29/09/2026,2D Phụ Đề Anh,12:20
TRẠI BUÔN NGƯỜI,CGV Hùng Vương Plaza,29/09/2026,2D Phụ Đề Anh,13:00
TRẠI BUÔN NGƯỜI,CGV Hùng Vương Plaza,29/09/2026,2D Phụ Đề Anh,13:40
TRẠI BUÔN NGƯỜI,CGV Hùng Vương Plaza,29/09/2026,2D Phụ Đề Anh | Rạp GOLD CLASS,14:10
TRẠI BUÔN NGƯỜI,CGV Hùng Vương Plaza,29/09/2026,2D Phụ Đề Anh,14:40
TRẠI BUÔN NGƯỜI,CGV Hùng Vương Plaza,29/09/2026,4DX2D Phụ Đề Anh | Rạp 4DX,15:10
TRẠI BUÔN NGƯỜI,CGV Hùng Vương Plaza,29/09/2026,2D Phụ Đề Anh,15:40
TRẠI BUÔN NGƯỜI,CGV Hùng Vương Plaza,29/09/2026,2D Phụ Đề Anh,16:20
TRẠI BUÔN NGƯỜI,CGV Hùng Vương Plaza,29/09/2026,2D Phụ Đề Anh | Rạp GOLD CLASS,16:50
TRẠI BUÔN NGƯỜI,CGV Hùng Vương Plaza,29/09/2026,2D Phụ Đề Anh,17:20
TRẠI BUÔN NGƯỜI,CGV Hùng Vương Plaza,29/09/2026,4DX2D Phụ Đề Anh | Rạp 4DX,18:00
TRẠI BUÔN NGƯỜI,CGV Hùng Vương Plaza,29/09/2026,2D Phụ Đề Anh,18:30
TRẠI BUÔN NGƯỜI,CGV Hùng Vương Plaza,29/09/2026,2D Phụ Đề Anh,19:00
TRẠI BUÔN NGƯỜI,CGV Hùng Vương Plaza,29/09/2026,2D Phụ Đề Anh | Rạp GOLD CLASS,19:30
TRẠI BUÔN NGƯỜI,CGV Hùng Vương Plaza,29/09/2026,2D Phụ Đề Anh,20:00
TRẠI BUÔN NGƯỜI,CGV Hùng Vương Plaza,29/09/2026,2D Phụ Đề Anh,20:50
TRẠI BUÔN NGƯỜI,CGV Hùng Vương Plaza,29/09/2026,2D Phụ Đề Anh,21:10
TRẠI BUÔN NGƯỜI,CGV Hùng Vương Plaza,29/09/2026,2D Phụ Đề Anh,21:40
TRẠI BUÔN NGƯỜI,CGV Hùng Vương Plaza,29/09/2026,2D Phụ Đề Anh | Rạp GOLD CLASS,22:10
TRẠI BUÔN NGƯỜI,CGV Hùng Vương Plaza,29/09/2026,2D Phụ Đề Anh,22:40
VÙNG ĐẤT QUỶ DỮ,CGV Hùng Vương Plaza,29/09/2026,2D Phụ Đề Việt,09:10
VÙNG ĐẤT QUỶ DỮ,CGV Hùng Vương Plaza,29/09/2026,SCREENX-2D Phụ Đề Việt | Rạp SCREENX,22:40
ÚT LAN 2,CGV Hùng Vương Plaza,29/09/2026,2D Phụ Đề Anh,12:40
AVENGERS: HỒI KẾT - PHIÊN BẢN ĐẶC BIỆT (CHIẾU LẠI),CGV Hùng Vương Plaza,30/09/2026,SCREENX-2D Phụ Đề Việt | Rạp SCREENX																 & Infinity Vision,09:00
AVENGERS: HỒI KẾT - PHIÊN BẢN ĐẶC BIỆT (CHIẾU LẠI),CGV Hùng Vương Plaza,30/09/2026,4DX2D Phụ Đề Việt | Rạp 4DX																 & Infinity Vision,11:30
AVENGERS: HỒI KẾT - PHIÊN BẢN ĐẶC BIỆT (CHIẾU LẠI),CGV Hùng Vương Plaza,30/09/2026,SCREENX-2D Phụ Đề Việt | Rạp SCREENX																 & Infinity Vision,14:50
AVENGERS: HỒI KẾT - PHIÊN BẢN ĐẶC BIỆT (CHIẾU LẠI),CGV Hùng Vương Plaza,30/09/2026,SCREENX-2D Phụ Đề Việt | Rạp SCREENX																 & Infinity Vision,18:20
AVENGERS: HỒI KẾT - PHIÊN BẢN ĐẶC BIỆT (CHIẾU LẠI),CGV Hùng Vương Plaza,30/09/2026,4DX2D Phụ Đề Việt | Rạp 4DX																 & Infinity Vision,20:40
HÒN ĐẢO QUÊN LÃNG,CGV Hùng Vương Plaza,30/09/2026,4DX2D Lồng Tiếng Việt | Rạp 4DX,09:20
HÒN ĐẢO QUÊN LÃNG,CGV Hùng Vương Plaza,30/09/2026,SCREENX-2D Phụ Đề Việt | Rạp SCREENX,12:30
LAPUTA: LÂU ĐÀI TRÊN KHÔNG,CGV Hùng Vương Plaza,30/09/2026,2D Phụ Đề Việt,13:10
LAPUTA: LÂU ĐÀI TRÊN KHÔNG,CGV Hùng Vương Plaza,30/09/2026,2D Phụ Đề Việt,15:40
LAPUTA: LÂU ĐÀI TRÊN KHÔNG,CGV Hùng Vương Plaza,30/09/2026,2D Phụ Đề Việt,18:10
LÊN HƯƠNG,CGV Hùng Vương Plaza,30/09/2026,2D Phụ Đề Anh,10:10
LÊN HƯƠNG,CGV Hùng Vương Plaza,30/09/2026,2D Phụ Đề Anh,15:10
LÊN HƯƠNG,CGV Hùng Vương Plaza,30/09/2026,2D Phụ Đề Anh,17:10
MARNIE YÊU DẤU,CGV Hùng Vương Plaza,30/09/2026,2D Phụ Đề Việt,11:00
MARNIE YÊU DẤU,CGV Hùng Vương Plaza,30/09/2026,2D Phụ Đề Việt,15:00
TRẠI BUÔN NGƯỜI,CGV Hùng Vương Plaza,30/09/2026,2D Phụ Đề Anh,09:10
TRẠI BUÔN NGƯỜI,CGV Hùng Vương Plaza,30/09/2026,2D Phụ Đề Anh,09:40
TRẠI BUÔN NGƯỜI,CGV Hùng Vương Plaza,30/09/2026,2D Phụ Đề Anh,10:20
TRẠI BUÔN NGƯỜI,CGV Hùng Vương Plaza,30/09/2026,2D Phụ Đề Anh,10:50
TRẠI BUÔN NGƯỜI,CGV Hùng Vương Plaza,30/09/2026,2D Phụ Đề Anh | Rạp GOLD CLASS,11:20
TRẠI BUÔN NGƯỜI,CGV Hùng Vương Plaza,30/09/2026,2D Phụ Đề Anh,11:50
TRẠI BUÔN NGƯỜI,CGV Hùng Vương Plaza,30/09/2026,2D Phụ Đề Anh,12:20
TRẠI BUÔN NGƯỜI,CGV Hùng Vương Plaza,30/09/2026,2D Phụ Đề Anh,13:10
TRẠI BUÔN NGƯỜI,CGV Hùng Vương Plaza,30/09/2026,2D Phụ Đề Anh,13:40
TRẠI BUÔN NGƯỜI,CGV Hùng Vương Plaza,30/09/2026,2D Phụ Đề Anh | Rạp GOLD CLASS,14:10
TRẠI BUÔN NGƯỜI,CGV Hùng Vương Plaza,30/09/2026,2D Phụ Đề Anh,14:40
TRẠI BUÔN NGƯỜI,CGV Hùng Vương Plaza,30/09/2026,4DX2D Phụ Đề Anh | Rạp 4DX,15:20
TRẠI BUÔN NGƯỜI,CGV Hùng Vương Plaza,30/09/2026,2D Phụ Đề Anh,15:50
TRẠI BUÔN NGƯỜI,CGV Hùng Vương Plaza,30/09/2026,2D Phụ Đề Anh,16:20
TRẠI BUÔN NGƯỜI,CGV Hùng Vương Plaza,30/09/2026,2D Phụ Đề Anh | Rạp GOLD CLASS,16:50
TRẠI BUÔN NGƯỜI,CGV Hùng Vương Plaza,30/09/2026,2D Phụ Đề Anh,17:20
TRẠI BUÔN NGƯỜI,CGV Hùng Vương Plaza,30/09/2026,4DX2D Phụ Đề Anh | Rạp 4DX,18:00
TRẠI BUÔN NGƯỜI,CGV Hùng Vương Plaza,30/09/2026,2D Phụ Đề Anh,18:30
TRẠI BUÔN NGƯỜI,CGV Hùng Vương Plaza,30/09/2026,2D Phụ Đề Anh,19:00
TRẠI BUÔN NGƯỜI,CGV Hùng Vương Plaza,30/09/2026,2D Phụ Đề Anh | Rạp GOLD CLASS,19:30
TRẠI BUÔN NGƯỜI,CGV Hùng Vương Plaza,30/09/2026,2D Phụ Đề Anh,20:30
TRẠI BUÔN NGƯỜI,CGV Hùng Vương Plaza,30/09/2026,2D Phụ Đề Anh,20:50
TRẠI BUÔN NGƯỜI,CGV Hùng Vương Plaza,30/09/2026,2D Phụ Đề Anh,21:10
TRẠI BUÔN NGƯỜI,CGV Hùng Vương Plaza,30/09/2026,2D Phụ Đề Anh,21:40
TRẠI BUÔN NGƯỜI,CGV Hùng Vương Plaza,30/09/2026,2D Phụ Đề Anh | Rạp GOLD CLASS,22:10
VÙNG ĐẤT QUỶ DỮ,CGV Hùng Vương Plaza,30/09/2026,2D Phụ Đề Việt,08:50
VÙNG ĐẤT QUỶ DỮ,CGV Hùng Vương Plaza,30/09/2026,SCREENX-2D Phụ Đề Việt | Rạp SCREENX,22:00
ÚT LAN 2,CGV Hùng Vương Plaza,30/09/2026,2D Phụ Đề Anh | Rạp GOLD CLASS,09:00
ÚT LAN 2,CGV Hùng Vương Plaza,30/09/2026,2D Phụ Đề Anh,12:40
ÚT LAN 2,CGV Hùng Vương Plaza,30/09/2026,2D Phụ Đề Anh,23:10
AVENGERS: HỒI KẾT - PHIÊN BẢN ĐẶC BIỆT (CHIẾU LẠI),CGV Thảo Điền Pearl,01/10/2026,2D Phụ Đề Việt,09:40
AVENGERS: HỒI KẾT - PHIÊN BẢN ĐẶC BIỆT (CHIẾU LẠI),CGV Thảo Điền Pearl,01/10/2026,2D Phụ Đề Việt,13:15
AVENGERS: HỒI KẾT - PHIÊN BẢN ĐẶC BIỆT (CHIẾU LẠI),CGV Thảo Điền Pearl,01/10/2026,2D Phụ Đề Việt,16:50
AVENGERS: HỒI KẾT - PHIÊN BẢN ĐẶC BIỆT (CHIẾU LẠI),CGV Thảo Điền Pearl,01/10/2026,2D Phụ Đề Việt,20:30
BÁT TIÊN ! TRUY TÌM LƯU LY ĐĂNG,CGV Thảo Điền Pearl,01/10/2026,2D Phụ Đề Anh & Việt,11:45
BÁT TIÊN ! TRUY TÌM LƯU LY ĐĂNG,CGV Thảo Điền Pearl,01/10/2026,2D Phụ Đề Anh & Việt,19:00
HÒN ĐẢO QUÊN LÃNG,CGV Thảo Điền Pearl,01/10/2026,2D Phụ Đề Việt,10:30
HÒN ĐẢO QUÊN LÃNG,CGV Thảo Điền Pearl,01/10/2026,2D Lồng Tiếng Việt,14:40
HÒN ĐẢO QUÊN LÃNG,CGV Thảo Điền Pearl,01/10/2026,2D Phụ Đề Việt,20:00
LAPUTA: LÂU ĐÀI TRÊN KHÔNG,CGV Thảo Điền Pearl,01/10/2026,2D Phụ Đề Việt,12:50
LAPUTA: LÂU ĐÀI TRÊN KHÔNG,CGV Thảo Điền Pearl,01/10/2026,2D Phụ Đề Việt,17:30
LÊN HƯƠNG,CGV Thảo Điền Pearl,01/10/2026,2D Phụ Đề Anh,09:50
LÊN HƯƠNG,CGV Thảo Điền Pearl,01/10/2026,2D Phụ Đề Anh,21:50
MARNIE YÊU DẤU,CGV Thảo Điền Pearl,01/10/2026,2D Phụ Đề Việt,15:20
PHÁO HOA LÚC BÌNH MINH,CGV Thảo Điền Pearl,01/10/2026,2D Phụ Đề Anh & Việt,22:20
TRẠI BUÔN NGƯỜI,CGV Thảo Điền Pearl,01/10/2026,2D Phụ Đề Anh,16:40
TRẠI BUÔN NGƯỜI,CGV Thảo Điền Pearl,01/10/2026,2D Phụ Đề Anh,19:20
TRẠI BUÔN NGƯỜI,CGV Thảo Điền Pearl,01/10/2026,2D Phụ Đề Anh,22:00
VÙNG ĐẤT QUỶ DỮ,CGV Thảo Điền Pearl,01/10/2026,2D Phụ Đề Việt,09:20
VÙNG ĐẤT QUỶ DỮ,CGV Thảo Điền Pearl,01/10/2026,2D Phụ Đề Việt,12:20
VÙNG ĐẤT QUỶ DỮ,CGV Thảo Điền Pearl,01/10/2026,2D Phụ Đề Việt,14:20
VÙNG ĐẤT QUỶ DỮ,CGV Thảo Điền Pearl,01/10/2026,2D Phụ Đề Việt,17:00
VÙNG ĐẤT QUỶ DỮ,CGV Thảo Điền Pearl,01/10/2026,2D Phụ Đề Việt,18:40
VÙNG ĐẤT QUỶ DỮ,CGV Thảo Điền Pearl,01/10/2026,2D Phụ Đề Việt,20:40
VÙNG ĐẤT QUỶ DỮ,CGV Thảo Điền Pearl,01/10/2026,2D Phụ Đề Việt,22:40
ÚT LAN 2,CGV Thảo Điền Pearl,01/10/2026,2D Phụ Đề Anh,09:30
ÚT LAN 2,CGV Thảo Điền Pearl,01/10/2026,2D Phụ Đề Anh,16:20
TRÁI TIM QUÁI THÚ,CGV Thảo Điền Pearl,02/10/2026,2D Phụ Đề Việt,10:20
TRÁI TIM QUÁI THÚ,CGV Thảo Điền Pearl,02/10/2026,2D Phụ Đề Việt,12:30
TRÁI TIM QUÁI THÚ,CGV Thảo Điền Pearl,02/10/2026,2D Phụ Đề Việt,14:40
TRÁI TIM QUÁI THÚ,CGV Thảo Điền Pearl,02/10/2026,2D Phụ Đề Việt,16:50
TRÁI TIM QUÁI THÚ,CGV Thảo Điền Pearl,02/10/2026,2D Phụ Đề Việt,19:00
TRÁI TIM QUÁI THÚ,CGV Thảo Điền Pearl,02/10/2026,2D Phụ Đề Việt,21:10
TRÁI TIM QUÁI THÚ,CGV Thảo Điền Pearl,02/10/2026,2D Phụ Đề Việt,23:20
TRẠI BUÔN NGƯỜI,CGV Thảo Điền Pearl,02/10/2026,2D Phụ Đề Anh,10:30
TRẠI BUÔN NGƯỜI,CGV Thảo Điền Pearl,02/10/2026,2D Phụ Đề Anh,15:30
TRẠI BUÔN NGƯỜI,CGV Thảo Điền Pearl,02/10/2026,2D Phụ Đề Anh,20:30
ÁN MẠNG KARAOKE,CGV Thảo Điền Pearl,02/10/2026,2D Phụ Đề Anh,13:20
ÁN MẠNG KARAOKE,CGV Thảo Điền Pearl,02/10/2026,2D Phụ Đề Anh,18:20
ÁN MẠNG KARAOKE,CGV Thảo Điền Pearl,02/10/2026,2D Phụ Đề Anh,23:15
TRÁI TIM QUÁI THÚ,CGV Thảo Điền Pearl,03/10/2026,2D Phụ Đề Việt,10:20
TRÁI TIM QUÁI THÚ,CGV Thảo Điền Pearl,03/10/2026,2D Phụ Đề Việt,12:30
TRÁI TIM QUÁI THÚ,CGV Thảo Điền Pearl,03/10/2026,2D Phụ Đề Việt,14:40
TRÁI TIM QUÁI THÚ,CGV Thảo Điền Pearl,03/10/2026,2D Phụ Đề Việt,16:50
TRÁI TIM QUÁI THÚ,CGV Thảo Điền Pearl,03/10/2026,2D Phụ Đề Việt,19:00
TRÁI TIM QUÁI THÚ,CGV Thảo Điền Pearl,03/10/2026,2D Phụ Đề Việt,21:10
TRÁI TIM QUÁI THÚ,CGV Thảo Điền Pearl,03/10/2026,2D Phụ Đề Việt,23:20
TRẠI BUÔN NGƯỜI,CGV Thảo Điền Pearl,03/10/2026,2D Phụ Đề Anh,10:30
TRẠI BUÔN NGƯỜI,CGV Thảo Điền Pearl,03/10/2026,2D Phụ Đề Anh,15:30
TRẠI BUÔN NGƯỜI,CGV Thảo Điền Pearl,03/10/2026,2D Phụ Đề Anh,20:30
ÁN MẠNG KARAOKE,CGV Thảo Điền Pearl,03/10/2026,2D Phụ Đề Anh,13:20
ÁN MẠNG KARAOKE,CGV Thảo Điền Pearl,03/10/2026,2D Phụ Đề Anh,18:20
ÁN MẠNG KARAOKE,CGV Thảo Điền Pearl,03/10/2026,2D Phụ Đề Anh,23:15
TRÁI TIM QUÁI THÚ,CGV Thảo Điền Pearl,04/10/2026,2D Phụ Đề Việt,10:20
TRÁI TIM QUÁI THÚ,CGV Thảo Điền Pearl,04/10/2026,2D Phụ Đề Việt,12:30
TRÁI TIM QUÁI THÚ,CGV Thảo Điền Pearl,04/10/2026,2D Phụ Đề Việt,14:40
TRÁI TIM QUÁI THÚ,CGV Thảo Điền Pearl,04/10/2026,2D Phụ Đề Việt,16:50
TRÁI TIM QUÁI THÚ,CGV Thảo Điền Pearl,04/10/2026,2D Phụ Đề Việt,19:00
TRÁI TIM QUÁI THÚ,CGV Thảo Điền Pearl,04/10/2026,2D Phụ Đề Việt,21:10
TRÁI TIM QUÁI THÚ,CGV Thảo Điền Pearl,04/10/2026,2D Phụ Đề Việt,23:20
TRẠI BUÔN NGƯỜI,CGV Thảo Điền Pearl,04/10/2026,2D Phụ Đề Anh,10:30
TRẠI BUÔN NGƯỜI,CGV Thảo Điền Pearl,04/10/2026,2D Phụ Đề Anh,15:30
TRẠI BUÔN NGƯỜI,CGV Thảo Điền Pearl,04/10/2026,2D Phụ Đề Anh,20:30
ÁN MẠNG KARAOKE,CGV Thảo Điền Pearl,04/10/2026,2D Phụ Đề Anh,13:20
ÁN MẠNG KARAOKE,CGV Thảo Điền Pearl,04/10/2026,2D Phụ Đề Anh,18:20
ÁN MẠNG KARAOKE,CGV Thảo Điền Pearl,04/10/2026,2D Phụ Đề Anh,23:15
BÁT TIÊN ! TRUY TÌM LƯU LY ĐĂNG,CGV Thảo Điền Pearl,25/09/2026,2D Phụ Đề Anh & Việt,21:50
PHÁO HOA LÚC BÌNH MINH,CGV Thảo Điền Pearl,25/09/2026,2D Phụ Đề Anh & Việt,22:20
TRẠI BUÔN NGƯỜI,CGV Thảo Điền Pearl,25/09/2026,2D Phụ Đề Anh,21:15
TRẠI BUÔN NGƯỜI,CGV Thảo Điền Pearl,25/09/2026,2D Phụ Đề Anh,22:00
TRẠI BUÔN NGƯỜI,CGV Thảo Điền Pearl,25/09/2026,2D Phụ Đề Anh,22:40
AVENGERS: HỒI KẾT - PHIÊN BẢN ĐẶC BIỆT (CHIẾU LẠI),CGV Thảo Điền Pearl,26/09/2026,2D Phụ Đề Việt,09:40
AVENGERS: HỒI KẾT - PHIÊN BẢN ĐẶC BIỆT (CHIẾU LẠI),CGV Thảo Điền Pearl,26/09/2026,2D Phụ Đề Việt,13:15
AVENGERS: HỒI KẾT - PHIÊN BẢN ĐẶC BIỆT (CHIẾU LẠI),CGV Thảo Điền Pearl,26/09/2026,2D Phụ Đề Việt,14:00
AVENGERS: HỒI KẾT - PHIÊN BẢN ĐẶC BIỆT (CHIẾU LẠI),CGV Thảo Điền Pearl,26/09/2026,2D Phụ Đề Việt,16:50
AVENGERS: HỒI KẾT - PHIÊN BẢN ĐẶC BIỆT (CHIẾU LẠI),CGV Thảo Điền Pearl,26/09/2026,2D Phụ Đề Việt,19:00
AVENGERS: HỒI KẾT - PHIÊN BẢN ĐẶC BIỆT (CHIẾU LẠI),CGV Thảo Điền Pearl,26/09/2026,2D Phụ Đề Việt,20:30
BÁT TIÊN ! TRUY TÌM LƯU LY ĐĂNG,CGV Thảo Điền Pearl,26/09/2026,2D Phụ Đề Anh & Việt,16:10
BÁT TIÊN ! TRUY TÌM LƯU LY ĐĂNG,CGV Thảo Điền Pearl,26/09/2026,2D Phụ Đề Anh & Việt,21:40
HÒN ĐẢO QUÊN LÃNG,CGV Thảo Điền Pearl,26/09/2026,2D Lồng Tiếng Việt,11:45
HÒN ĐẢO QUÊN LÃNG,CGV Thảo Điền Pearl,26/09/2026,2D Phụ Đề Việt,20:00
LAPUTA: LÂU ĐÀI TRÊN KHÔNG,CGV Thảo Điền Pearl,26/09/2026,2D Phụ Đề Việt,12:50
LAPUTA: LÂU ĐÀI TRÊN KHÔNG,CGV Thảo Điền Pearl,26/09/2026,2D Phụ Đề Việt,17:30
MARNIE YÊU DẤU,CGV Thảo Điền Pearl,26/09/2026,2D Phụ Đề Việt,09:30
MARNIE YÊU DẤU,CGV Thảo Điền Pearl,26/09/2026,2D Phụ Đề Việt,15:20
PHÁO HOA LÚC BÌNH MINH,CGV Thảo Điền Pearl,26/09/2026,2D Phụ Đề Anh & Việt,09:25
PHÁO HOA LÚC BÌNH MINH,CGV Thảo Điền Pearl,26/09/2026,2D Phụ Đề Anh & Việt,22:50
TRẠI BUÔN NGƯỜI,CGV Thảo Điền Pearl,26/09/2026,2D Phụ Đề Anh,09:20
TRẠI BUÔN NGƯỜI,CGV Thảo Điền Pearl,26/09/2026,2D Phụ Đề Anh,11:10
TRẠI BUÔN NGƯỜI,CGV Thảo Điền Pearl,26/09/2026,2D Phụ Đề Anh,12:00
TRẠI BUÔN NGƯỜI,CGV Thảo Điền Pearl,26/09/2026,2D Phụ Đề Anh,13:50
TRẠI BUÔN NGƯỜI,CGV Thảo Điền Pearl,26/09/2026,2D Phụ Đề Anh,14:40
TRẠI BUÔN NGƯỜI,CGV Thảo Điền Pearl,26/09/2026,2D Phụ Đề Anh,16:30
TRẠI BUÔN NGƯỜI,CGV Thảo Điền Pearl,26/09/2026,2D Phụ Đề Anh,17:20
TRẠI BUÔN NGƯỜI,CGV Thảo Điền Pearl,26/09/2026,2D Phụ Đề Anh,19:20
TRẠI BUÔN NGƯỜI,CGV Thảo Điền Pearl,26/09/2026,2D Phụ Đề Anh,20:05
TRẠI BUÔN NGƯỜI,CGV Thảo Điền Pearl,26/09/2026,2D Phụ Đề Anh,22:00
TRẠI BUÔN NGƯỜI,CGV Thảo Điền Pearl,26/09/2026,2D Phụ Đề Anh,22:20
VÙNG ĐẤT QUỶ DỮ,CGV Thảo Điền Pearl,26/09/2026,2D Phụ Đề Việt,10:00
VÙNG ĐẤT QUỶ DỮ,CGV Thảo Điền Pearl,26/09/2026,2D Phụ Đề Việt,12:00
VÙNG ĐẤT QUỶ DỮ,CGV Thảo Điền Pearl,26/09/2026,2D Phụ Đề Việt,14:10
VÙNG ĐẤT QUỶ DỮ,CGV Thảo Điền Pearl,26/09/2026,2D Phụ Đề Việt,17:40
VÙNG ĐẤT QUỶ DỮ,CGV Thảo Điền Pearl,26/09/2026,2D Phụ Đề Việt,19:40
VÙNG ĐẤT QUỶ DỮ,CGV Thảo Điền Pearl,26/09/2026,2D Phụ Đề Việt,22:35
AVENGERS: HỒI KẾT - PHIÊN BẢN ĐẶC BIỆT (CHIẾU LẠI),CGV Thảo Điền Pearl,27/09/2026,2D Phụ Đề Việt,13:15
AVENGERS: HỒI KẾT - PHIÊN BẢN ĐẶC BIỆT (CHIẾU LẠI),CGV Thảo Điền Pearl,27/09/2026,2D Phụ Đề Việt,14:00
AVENGERS: HỒI KẾT - PHIÊN BẢN ĐẶC BIỆT (CHIẾU LẠI),CGV Thảo Điền Pearl,27/09/2026,2D Phụ Đề Việt,16:50
AVENGERS: HỒI KẾT - PHIÊN BẢN ĐẶC BIỆT (CHIẾU LẠI),CGV Thảo Điền Pearl,27/09/2026,2D Phụ Đề Việt,20:30
BÁT TIÊN ! TRUY TÌM LƯU LY ĐĂNG,CGV Thảo Điền Pearl,27/09/2026,2D Phụ Đề Anh & Việt,11:40
BÁT TIÊN ! TRUY TÌM LƯU LY ĐĂNG,CGV Thảo Điền Pearl,27/09/2026,2D Phụ Đề Anh & Việt,18:50
BÁT TIÊN ! TRUY TÌM LƯU LY ĐĂNG,CGV Thảo Điền Pearl,27/09/2026,2D Phụ Đề Anh & Việt,21:40
HÒN ĐẢO QUÊN LÃNG,CGV Thảo Điền Pearl,27/09/2026,2D Phụ Đề Việt,09:20
HÒN ĐẢO QUÊN LÃNG,CGV Thảo Điền Pearl,27/09/2026,2D Lồng Tiếng Việt,16:30
HÒN ĐẢO QUÊN LÃNG,CGV Thảo Điền Pearl,27/09/2026,2D Phụ Đề Việt,20:00
LAPUTA: LÂU ĐÀI TRÊN KHÔNG,CGV Thảo Điền Pearl,27/09/2026,2D Phụ Đề Việt,12:50
LAPUTA: LÂU ĐÀI TRÊN KHÔNG,CGV Thảo Điền Pearl,27/09/2026,2D Phụ Đề Việt,17:30
MARNIE YÊU DẤU,CGV Thảo Điền Pearl,27/09/2026,2D Phụ Đề Việt,11:50
MARNIE YÊU DẤU,CGV Thảo Điền Pearl,27/09/2026,2D Phụ Đề Việt,15:20
PHÁO HOA LÚC BÌNH MINH,CGV Thảo Điền Pearl,27/09/2026,2D Phụ Đề Anh & Việt,09:30
PHÁO HOA LÚC BÌNH MINH,CGV Thảo Điền Pearl,27/09/2026,2D Phụ Đề Anh & Việt,22:50
TRẠI BUÔN NGƯỜI,CGV Thảo Điền Pearl,27/09/2026,2D Phụ Đề Anh,09:20
TRẠI BUÔN NGƯỜI,CGV Thảo Điền Pearl,27/09/2026,2D Phụ Đề Anh,11:10
TRẠI BUÔN NGƯỜI,CGV Thảo Điền Pearl,27/09/2026,2D Phụ Đề Anh,12:00
TRẠI BUÔN NGƯỜI,CGV Thảo Điền Pearl,27/09/2026,2D Phụ Đề Anh,13:50
TRẠI BUÔN NGƯỜI,CGV Thảo Điền Pearl,27/09/2026,2D Phụ Đề Anh,14:40
TRẠI BUÔN NGƯỜI,CGV Thảo Điền Pearl,27/09/2026,2D Phụ Đề Anh,16:40
TRẠI BUÔN NGƯỜI,CGV Thảo Điền Pearl,27/09/2026,2D Phụ Đề Anh,17:20
TRẠI BUÔN NGƯỜI,CGV Thảo Điền Pearl,27/09/2026,2D Phụ Đề Anh,19:20
TRẠI BUÔN NGƯỜI,CGV Thảo Điền Pearl,27/09/2026,2D Phụ Đề Anh,20:05
TRẠI BUÔN NGƯỜI,CGV Thảo Điền Pearl,27/09/2026,2D Phụ Đề Anh,22:00
TRẠI BUÔN NGƯỜI,CGV Thảo Điền Pearl,27/09/2026,2D Phụ Đề Anh,22:20
VÙNG ĐẤT QUỶ DỮ,CGV Thảo Điền Pearl,27/09/2026,2D Phụ Đề Việt,09:50
VÙNG ĐẤT QUỶ DỮ,CGV Thảo Điền Pearl,27/09/2026,2D Phụ Đề Việt,14:30
VÙNG ĐẤT QUỶ DỮ,CGV Thảo Điền Pearl,27/09/2026,2D Phụ Đề Việt,17:30
VÙNG ĐẤT QUỶ DỮ,CGV Thảo Điền Pearl,27/09/2026,2D Phụ Đề Việt,19:30
VÙNG ĐẤT QUỶ DỮ,CGV Thảo Điền Pearl,27/09/2026,2D Phụ Đề Việt,21:30
AVENGERS: HỒI KẾT - PHIÊN BẢN ĐẶC BIỆT (CHIẾU LẠI),CGV Thảo Điền Pearl,28/09/2026,2D Phụ Đề Việt,09:40
AVENGERS: HỒI KẾT - PHIÊN BẢN ĐẶC BIỆT (CHIẾU LẠI),CGV Thảo Điền Pearl,28/09/2026,2D Phụ Đề Việt,16:50
AVENGERS: HỒI KẾT - PHIÊN BẢN ĐẶC BIỆT (CHIẾU LẠI),CGV Thảo Điền Pearl,28/09/2026,2D Phụ Đề Việt,20:30
BÁT TIÊN ! TRUY TÌM LƯU LY ĐĂNG,CGV Thảo Điền Pearl,28/09/2026,2D Phụ Đề Anh & Việt,19:00
HÒN ĐẢO QUÊN LÃNG,CGV Thảo Điền Pearl,28/09/2026,2D Phụ Đề Việt,10:20
HÒN ĐẢO QUÊN LÃNG,CGV Thảo Điền Pearl,28/09/2026,2D Lồng Tiếng Việt,14:40
LAPUTA: LÂU ĐÀI TRÊN KHÔNG,CGV Thảo Điền Pearl,28/09/2026,2D Phụ Đề Việt,12:40
LAPUTA: LÂU ĐÀI TRÊN KHÔNG,CGV Thảo Điền Pearl,28/09/2026,2D Phụ Đề Việt,16:10
LÊN HƯƠNG,CGV Thảo Điền Pearl,28/09/2026,2D Phụ Đề Anh,09:30
LÊN HƯƠNG,CGV Thảo Điền Pearl,28/09/2026,2D Phụ Đề Anh,21:50
MARNIE YÊU DẤU,CGV Thảo Điền Pearl,28/09/2026,2D Phụ Đề Việt,12:00
MARNIE YÊU DẤU,CGV Thảo Điền Pearl,28/09/2026,2D Phụ Đề Việt,15:10
PHÁO HOA LÚC BÌNH MINH,CGV Thảo Điền Pearl,28/09/2026,2D Phụ Đề Anh & Việt,22:50
TRẠI BUÔN NGƯỜI,CGV Thảo Điền Pearl,28/09/2026,2D Phụ Đề Anh,09:05
TRẠI BUÔN NGƯỜI,CGV Thảo Điền Pearl,28/09/2026,2D Phụ Đề Anh,11:10
TRẠI BUÔN NGƯỜI,CGV Thảo Điền Pearl,28/09/2026,2D Phụ Đề Anh,13:50
TRẠI BUÔN NGƯỜI,CGV Thảo Điền Pearl,28/09/2026,2D Phụ Đề Anh,16:40
TRẠI BUÔN NGƯỜI,CGV Thảo Điền Pearl,28/09/2026,2D Phụ Đề Anh,17:20
TRẠI BUÔN NGƯỜI,CGV Thảo Điền Pearl,28/09/2026,2D Phụ Đề Anh,19:20
TRẠI BUÔN NGƯỜI,CGV Thảo Điền Pearl,28/09/2026,2D Phụ Đề Anh,20:05
TRẠI BUÔN NGƯỜI,CGV Thảo Điền Pearl,28/09/2026,2D Phụ Đề Anh,22:00
VÙNG ĐẤT QUỶ DỮ,CGV Thảo Điền Pearl,28/09/2026,2D Phụ Đề Việt,09:10
VÙNG ĐẤT QUỶ DỮ,CGV Thảo Điền Pearl,28/09/2026,2D Phụ Đề Việt,14:10
VÙNG ĐẤT QUỶ DỮ,CGV Thảo Điền Pearl,28/09/2026,2D Phụ Đề Việt,17:00
VÙNG ĐẤT QUỶ DỮ,CGV Thảo Điền Pearl,28/09/2026,2D Phụ Đề Việt,18:40
AVENGERS: HỒI KẾT - PHIÊN BẢN ĐẶC BIỆT (CHIẾU LẠI),CGV Thảo Điền Pearl,29/09/2026,2D Phụ Đề Việt,09:40
AVENGERS: HỒI KẾT - PHIÊN BẢN ĐẶC BIỆT (CHIẾU LẠI),CGV Thảo Điền Pearl,29/09/2026,2D Phụ Đề Việt,13:15
AVENGERS: HỒI KẾT - PHIÊN BẢN ĐẶC BIỆT (CHIẾU LẠI),CGV Thảo Điền Pearl,29/09/2026,2D Phụ Đề Việt,16:50
AVENGERS: HỒI KẾT - PHIÊN BẢN ĐẶC BIỆT (CHIẾU LẠI),CGV Thảo Điền Pearl,29/09/2026,2D Phụ Đề Việt,20:30
BÁT TIÊN ! TRUY TÌM LƯU LY ĐĂNG,CGV Thảo Điền Pearl,29/09/2026,2D Phụ Đề Anh & Việt,11:45
BÁT TIÊN ! TRUY TÌM LƯU LY ĐĂNG,CGV Thảo Điền Pearl,29/09/2026,2D Phụ Đề Anh & Việt,19:00
HÒN ĐẢO QUÊN LÃNG,CGV Thảo Điền Pearl,29/09/2026,2D Phụ Đề Việt,10:30
HÒN ĐẢO QUÊN LÃNG,CGV Thảo Điền Pearl,29/09/2026,2D Lồng Tiếng Việt,14:40
HÒN ĐẢO QUÊN LÃNG,CGV Thảo Điền Pearl,29/09/2026,2D Phụ Đề Việt,20:00
LAPUTA: LÂU ĐÀI TRÊN KHÔNG,CGV Thảo Điền Pearl,29/09/2026,2D Phụ Đề Việt,12:50
LAPUTA: LÂU ĐÀI TRÊN KHÔNG,CGV Thảo Điền Pearl,29/09/2026,2D Phụ Đề Việt,17:30
LÊN HƯƠNG,CGV Thảo Điền Pearl,29/09/2026,2D Phụ Đề Anh,09:50
LÊN HƯƠNG,CGV Thảo Điền Pearl,29/09/2026,2D Phụ Đề Anh,21:50
MARNIE YÊU DẤU,CGV Thảo Điền Pearl,29/09/2026,2D Phụ Đề Việt,15:20
PHÁO HOA LÚC BÌNH MINH,CGV Thảo Điền Pearl,29/09/2026,2D Phụ Đề Anh & Việt,22:20
TRẠI BUÔN NGƯỜI,CGV Thảo Điền Pearl,29/09/2026,2D Phụ Đề Anh,16:40
TRẠI BUÔN NGƯỜI,CGV Thảo Điền Pearl,29/09/2026,2D Phụ Đề Anh,19:20
TRẠI BUÔN NGƯỜI,CGV Thảo Điền Pearl,29/09/2026,2D Phụ Đề Anh,22:00
VÙNG ĐẤT QUỶ DỮ,CGV Thảo Điền Pearl,29/09/2026,2D Phụ Đề Việt,09:20
VÙNG ĐẤT QUỶ DỮ,CGV Thảo Điền Pearl,29/09/2026,2D Phụ Đề Việt,12:20
VÙNG ĐẤT QUỶ DỮ,CGV Thảo Điền Pearl,29/09/2026,2D Phụ Đề Việt,14:20
VÙNG ĐẤT QUỶ DỮ,CGV Thảo Điền Pearl,29/09/2026,2D Phụ Đề Việt,17:00
VÙNG ĐẤT QUỶ DỮ,CGV Thảo Điền Pearl,29/09/2026,2D Phụ Đề Việt,18:40
VÙNG ĐẤT QUỶ DỮ,CGV Thảo Điền Pearl,29/09/2026,2D Phụ Đề Việt,20:40
VÙNG ĐẤT QUỶ DỮ,CGV Thảo Điền Pearl,29/09/2026,2D Phụ Đề Việt,22:40
ÚT LAN 2,CGV Thảo Điền Pearl,29/09/2026,2D Phụ Đề Anh,09:30
ÚT LAN 2,CGV Thảo Điền Pearl,29/09/2026,2D Phụ Đề Anh,16:20
AVENGERS: HỒI KẾT - PHIÊN BẢN ĐẶC BIỆT (CHIẾU LẠI),CGV Thảo Điền Pearl,30/09/2026,2D Phụ Đề Việt,09:40
AVENGERS: HỒI KẾT - PHIÊN BẢN ĐẶC BIỆT (CHIẾU LẠI),CGV Thảo Điền Pearl,30/09/2026,2D Phụ Đề Việt,13:15
AVENGERS: HỒI KẾT - PHIÊN BẢN ĐẶC BIỆT (CHIẾU LẠI),CGV Thảo Điền Pearl,30/09/2026,2D Phụ Đề Việt,16:50
AVENGERS: HỒI KẾT - PHIÊN BẢN ĐẶC BIỆT (CHIẾU LẠI),CGV Thảo Điền Pearl,30/09/2026,2D Phụ Đề Việt,20:30
BÁT TIÊN ! TRUY TÌM LƯU LY ĐĂNG,CGV Thảo Điền Pearl,30/09/2026,2D Phụ Đề Anh & Việt,11:45
BÁT TIÊN ! TRUY TÌM LƯU LY ĐĂNG,CGV Thảo Điền Pearl,30/09/2026,2D Phụ Đề Anh & Việt,19:00
HÒN ĐẢO QUÊN LÃNG,CGV Thảo Điền Pearl,30/09/2026,2D Phụ Đề Việt,10:30
HÒN ĐẢO QUÊN LÃNG,CGV Thảo Điền Pearl,30/09/2026,2D Lồng Tiếng Việt,14:40
HÒN ĐẢO QUÊN LÃNG,CGV Thảo Điền Pearl,30/09/2026,2D Phụ Đề Việt,20:00
LAPUTA: LÂU ĐÀI TRÊN KHÔNG,CGV Thảo Điền Pearl,30/09/2026,2D Phụ Đề Việt,12:50
LAPUTA: LÂU ĐÀI TRÊN KHÔNG,CGV Thảo Điền Pearl,30/09/2026,2D Phụ Đề Việt,17:30
LÊN HƯƠNG,CGV Thảo Điền Pearl,30/09/2026,2D Phụ Đề Anh,09:50
LÊN HƯƠNG,CGV Thảo Điền Pearl,30/09/2026,2D Phụ Đề Anh,21:50
MARNIE YÊU DẤU,CGV Thảo Điền Pearl,30/09/2026,2D Phụ Đề Việt,15:20
PHÁO HOA LÚC BÌNH MINH,CGV Thảo Điền Pearl,30/09/2026,2D Phụ Đề Anh & Việt,22:20
TRẠI BUÔN NGƯỜI,CGV Thảo Điền Pearl,30/09/2026,2D Phụ Đề Anh,16:40
TRẠI BUÔN NGƯỜI,CGV Thảo Điền Pearl,30/09/2026,2D Phụ Đề Anh,19:20
TRẠI BUÔN NGƯỜI,CGV Thảo Điền Pearl,30/09/2026,2D Phụ Đề Anh,22:00
VÙNG ĐẤT QUỶ DỮ,CGV Thảo Điền Pearl,30/09/2026,2D Phụ Đề Việt,09:20
VÙNG ĐẤT QUỶ DỮ,CGV Thảo Điền Pearl,30/09/2026,2D Phụ Đề Việt,12:20
VÙNG ĐẤT QUỶ DỮ,CGV Thảo Điền Pearl,30/09/2026,2D Phụ Đề Việt,14:20
VÙNG ĐẤT QUỶ DỮ,CGV Thảo Điền Pearl,30/09/2026,2D Phụ Đề Việt,17:00
VÙNG ĐẤT QUỶ DỮ,CGV Thảo Điền Pearl,30/09/2026,2D Phụ Đề Việt,18:40
VÙNG ĐẤT QUỶ DỮ,CGV Thảo Điền Pearl,30/09/2026,2D Phụ Đề Việt,20:40
VÙNG ĐẤT QUỶ DỮ,CGV Thảo Điền Pearl,30/09/2026,2D Phụ Đề Việt,22:40
ÚT LAN 2,CGV Thảo Điền Pearl,30/09/2026,2D Phụ Đề Anh,09:30
ÚT LAN 2,CGV Thảo Điền Pearl,30/09/2026,2D Phụ Đề Anh,16:20
LÊN HƯƠNG,CGV Vincom Thủ Đức,25/09/2026,2D Phụ Đề Anh | Rạp STARIUM,21:45
LÊN HƯƠNG,CGV Vincom Thủ Đức,25/09/2026,2D Phụ Đề Anh,23:15
TRẠI BUÔN NGƯỜI,CGV Vincom Thủ Đức,25/09/2026,2D Phụ Đề Anh,20:45
TRẠI BUÔN NGƯỜI,CGV Vincom Thủ Đức,25/09/2026,2D Phụ Đề Anh,21:30
TRẠI BUÔN NGƯỜI,CGV Vincom Thủ Đức,25/09/2026,2D Phụ Đề Anh,22:15
TRẠI BUÔN NGƯỜI,CGV Vincom Thủ Đức,25/09/2026,2D Phụ Đề Anh,23:00
VÙNG ĐẤT QUỶ DỮ,CGV Vincom Thủ Đức,25/09/2026,2D Phụ Đề Việt,23:30
ÚT LAN 2,CGV Vincom Thủ Đức,25/09/2026,2D Phụ Đề Anh,21:00
ÚT LAN 2,CGV Vincom Thủ Đức,25/09/2026,2D Phụ Đề Anh,22:45
AVENGERS: HỒI KẾT - PHIÊN BẢN ĐẶC BIỆT (CHIẾU LẠI),CGV Vincom Thủ Đức,26/09/2026,2D Phụ Đề Việt | Rạp STARIUM																 & Infinity Vision,13:20
HÒN ĐẢO QUÊN LÃNG,CGV Vincom Thủ Đức,26/09/2026,2D Lồng Tiếng Việt,10:50
HÒN ĐẢO QUÊN LÃNG,CGV Vincom Thủ Đức,26/09/2026,2D Lồng Tiếng Việt,14:10
HÒN ĐẢO QUÊN LÃNG,CGV Vincom Thủ Đức,26/09/2026,2D Lồng Tiếng Việt,18:45
HÒN ĐẢO QUÊN LÃNG,CGV Vincom Thủ Đức,26/09/2026,2D Lồng Tiếng Việt,19:50
LAPUTA: LÂU ĐÀI TRÊN KHÔNG,CGV Vincom Thủ Đức,26/09/2026,2D Phụ Đề Việt,15:00
LÊN HƯƠNG,CGV Vincom Thủ Đức,26/09/2026,2D Phụ Đề Anh,09:30
LÊN HƯƠNG,CGV Vincom Thủ Đức,26/09/2026,2D Phụ Đề Anh,18:00
LÊN HƯƠNG,CGV Vincom Thủ Đức,26/09/2026,2D Phụ Đề Anh,19:15
LÊN HƯƠNG,CGV Vincom Thủ Đức,26/09/2026,2D Phụ Đề Anh,21:50
LÊN HƯƠNG,CGV Vincom Thủ Đức,26/09/2026,2D Phụ Đề Anh,23:10
MARNIE YÊU DẤU,CGV Vincom Thủ Đức,26/09/2026,2D Phụ Đề Việt,12:00
MARNIE YÊU DẤU,CGV Vincom Thủ Đức,26/09/2026,2D Phụ Đề Việt,17:35
TRẠI BUÔN NGƯỜI,CGV Vincom Thủ Đức,26/09/2026,2D Phụ Đề Anh,09:00
TRẠI BUÔN NGƯỜI,CGV Vincom Thủ Đức,26/09/2026,2D Phụ Đề Anh,09:30
TRẠI BUÔN NGƯỜI,CGV Vincom Thủ Đức,26/09/2026,2D Phụ Đề Anh,10:00
TRẠI BUÔN NGƯỜI,CGV Vincom Thủ Đức,26/09/2026,2D Phụ Đề Anh | Rạp STARIUM,10:30
TRẠI BUÔN NGƯỜI,CGV Vincom Thủ Đức,26/09/2026,2D Phụ Đề Anh,11:00
TRẠI BUÔN NGƯỜI,CGV Vincom Thủ Đức,26/09/2026,2D Phụ Đề Anh,11:45
TRẠI BUÔN NGƯỜI,CGV Vincom Thủ Đức,26/09/2026,2D Phụ Đề Anh,12:15
TRẠI BUÔN NGƯỜI,CGV Vincom Thủ Đức,26/09/2026,2D Phụ Đề Anh,12:45
TRẠI BUÔN NGƯỜI,CGV Vincom Thủ Đức,26/09/2026,2D Phụ Đề Anh,13:15
TRẠI BUÔN NGƯỜI,CGV Vincom Thủ Đức,26/09/2026,2D Phụ Đề Anh,14:30
TRẠI BUÔN NGƯỜI,CGV Vincom Thủ Đức,26/09/2026,2D Phụ Đề Anh,15:30
TRẠI BUÔN NGƯỜI,CGV Vincom Thủ Đức,26/09/2026,2D Phụ Đề Anh,16:00
TRẠI BUÔN NGƯỜI,CGV Vincom Thủ Đức,26/09/2026,2D Phụ Đề Anh,16:30
TRẠI BUÔN NGƯỜI,CGV Vincom Thủ Đức,26/09/2026,2D Phụ Đề Anh,17:15
TRẠI BUÔN NGƯỜI,CGV Vincom Thủ Đức,26/09/2026,2D Phụ Đề Anh,18:15
TRẠI BUÔN NGƯỜI,CGV Vincom Thủ Đức,26/09/2026,2D Phụ Đề Anh | Rạp STARIUM,19:00
TRẠI BUÔN NGƯỜI,CGV Vincom Thủ Đức,26/09/2026,2D Phụ Đề Anh,20:00
TRẠI BUÔN NGƯỜI,CGV Vincom Thủ Đức,26/09/2026,2D Phụ Đề Anh,20:30
TRẠI BUÔN NGƯỜI,CGV Vincom Thủ Đức,26/09/2026,2D Phụ Đề Anh,21:00
TRẠI BUÔN NGƯỜI,CGV Vincom Thủ Đức,26/09/2026,2D Phụ Đề Anh | Rạp STARIUM,21:45
TRẠI BUÔN NGƯỜI,CGV Vincom Thủ Đức,26/09/2026,2D Phụ Đề Anh,22:15
TRẠI BUÔN NGƯỜI,CGV Vincom Thủ Đức,26/09/2026,2D Phụ Đề Anh,22:45
TRẠI BUÔN NGƯỜI,CGV Vincom Thủ Đức,26/09/2026,2D Phụ Đề Anh,23:15
VÙNG ĐẤT QUỶ DỮ,CGV Vincom Thủ Đức,26/09/2026,2D Phụ Đề Việt,13:45
VÙNG ĐẤT QUỶ DỮ,CGV Vincom Thủ Đức,26/09/2026,2D Phụ Đề Việt | Rạp STARIUM,17:00
VÙNG ĐẤT QUỶ DỮ,CGV Vincom Thủ Đức,26/09/2026,2D Phụ Đề Việt,21:10
VÙNG ĐẤT QUỶ DỮ,CGV Vincom Thủ Đức,26/09/2026,2D Phụ Đề Việt,23:45
ÚT LAN 2,CGV Vincom Thủ Đức,26/09/2026,2D Phụ Đề Anh,15:45
AVENGERS: HỒI KẾT - PHIÊN BẢN ĐẶC BIỆT (CHIẾU LẠI),CGV Vincom Thủ Đức,27/09/2026,2D Phụ Đề Việt | Rạp STARIUM																 & Infinity Vision,13:20
HÒN ĐẢO QUÊN LÃNG,CGV Vincom Thủ Đức,27/09/2026,2D Lồng Tiếng Việt,10:50
HÒN ĐẢO QUÊN LÃNG,CGV Vincom Thủ Đức,27/09/2026,2D Lồng Tiếng Việt,14:10
HÒN ĐẢO QUÊN LÃNG,CGV Vincom Thủ Đức,27/09/2026,2D Lồng Tiếng Việt,18:45
HÒN ĐẢO QUÊN LÃNG,CGV Vincom Thủ Đức,27/09/2026,2D Lồng Tiếng Việt,19:50
LAPUTA: LÂU ĐÀI TRÊN KHÔNG,CGV Vincom Thủ Đức,27/09/2026,2D Phụ Đề Việt,15:00
LÊN HƯƠNG,CGV Vincom Thủ Đức,27/09/2026,2D Phụ Đề Anh,09:30
LÊN HƯƠNG,CGV Vincom Thủ Đức,27/09/2026,2D Phụ Đề Anh,18:00
LÊN HƯƠNG,CGV Vincom Thủ Đức,27/09/2026,2D Phụ Đề Anh,19:15
LÊN HƯƠNG,CGV Vincom Thủ Đức,27/09/2026,2D Phụ Đề Anh,21:50
LÊN HƯƠNG,CGV Vincom Thủ Đức,27/09/2026,2D Phụ Đề Anh,22:45
MARNIE YÊU DẤU,CGV Vincom Thủ Đức,27/09/2026,2D Phụ Đề Việt,12:00
MARNIE YÊU DẤU,CGV Vincom Thủ Đức,27/09/2026,2D Phụ Đề Việt,17:35
TRẠI BUÔN NGƯỜI,CGV Vincom Thủ Đức,27/09/2026,2D Phụ Đề Anh,09:00
TRẠI BUÔN NGƯỜI,CGV Vincom Thủ Đức,27/09/2026,2D Phụ Đề Anh,09:30
TRẠI BUÔN NGƯỜI,CGV Vincom Thủ Đức,27/09/2026,2D Phụ Đề Anh,10:00
TRẠI BUÔN NGƯỜI,CGV Vincom Thủ Đức,27/09/2026,2D Phụ Đề Anh | Rạp STARIUM,10:30
TRẠI BUÔN NGƯỜI,CGV Vincom Thủ Đức,27/09/2026,2D Phụ Đề Anh,11:00
TRẠI BUÔN NGƯỜI,CGV Vincom Thủ Đức,27/09/2026,2D Phụ Đề Anh,11:45
TRẠI BUÔN NGƯỜI,CGV Vincom Thủ Đức,27/09/2026,2D Phụ Đề Anh,12:15
TRẠI BUÔN NGƯỜI,CGV Vincom Thủ Đức,27/09/2026,2D Phụ Đề Anh,12:45
TRẠI BUÔN NGƯỜI,CGV Vincom Thủ Đức,27/09/2026,2D Phụ Đề Anh,13:15
TRẠI BUÔN NGƯỜI,CGV Vincom Thủ Đức,27/09/2026,2D Phụ Đề Anh,14:30
TRẠI BUÔN NGƯỜI,CGV Vincom Thủ Đức,27/09/2026,2D Phụ Đề Anh,15:30
TRẠI BUÔN NGƯỜI,CGV Vincom Thủ Đức,27/09/2026,2D Phụ Đề Anh,16:00
TRẠI BUÔN NGƯỜI,CGV Vincom Thủ Đức,27/09/2026,2D Phụ Đề Anh,16:30
TRẠI BUÔN NGƯỜI,CGV Vincom Thủ Đức,27/09/2026,2D Phụ Đề Anh,17:15
TRẠI BUÔN NGƯỜI,CGV Vincom Thủ Đức,27/09/2026,2D Phụ Đề Anh,18:15
TRẠI BUÔN NGƯỜI,CGV Vincom Thủ Đức,27/09/2026,2D Phụ Đề Anh | Rạp STARIUM,19:00
TRẠI BUÔN NGƯỜI,CGV Vincom Thủ Đức,27/09/2026,2D Phụ Đề Anh,20:00
TRẠI BUÔN NGƯỜI,CGV Vincom Thủ Đức,27/09/2026,2D Phụ Đề Anh,20:30
TRẠI BUÔN NGƯỜI,CGV Vincom Thủ Đức,27/09/2026,2D Phụ Đề Anh,21:00
TRẠI BUÔN NGƯỜI,CGV Vincom Thủ Đức,27/09/2026,2D Phụ Đề Anh | Rạp STARIUM,21:45
TRẠI BUÔN NGƯỜI,CGV Vincom Thủ Đức,27/09/2026,2D Phụ Đề Anh,22:15
TRẠI BUÔN NGƯỜI,CGV Vincom Thủ Đức,27/09/2026,2D Phụ Đề Anh,23:10
VÙNG ĐẤT QUỶ DỮ,CGV Vincom Thủ Đức,27/09/2026,2D Phụ Đề Việt,13:45
VÙNG ĐẤT QUỶ DỮ,CGV Vincom Thủ Đức,27/09/2026,2D Phụ Đề Việt | Rạp STARIUM,17:00
VÙNG ĐẤT QUỶ DỮ,CGV Vincom Thủ Đức,27/09/2026,2D Phụ Đề Việt,21:10
VÙNG ĐẤT QUỶ DỮ,CGV Vincom Thủ Đức,27/09/2026,2D Phụ Đề Việt,23:45
ÚT LAN 2,CGV Vincom Thủ Đức,27/09/2026,2D Phụ Đề Anh,15:45
ÚT LAN 2,CGV Vincom Thủ Đức,27/09/2026,2D Phụ Đề Anh,23:20
AVENGERS: HỒI KẾT - PHIÊN BẢN ĐẶC BIỆT (CHIẾU LẠI),CGV Vivo City,01/10/2026,4DX2D Phụ Đề Việt | Rạp 4DX																 & Infinity Vision,11:00
AVENGERS: HỒI KẾT - PHIÊN BẢN ĐẶC BIỆT (CHIẾU LẠI),CGV Vivo City,01/10/2026,IMAX2D Phụ Đề Việt | Rạp IMAX,12:00
AVENGERS: HỒI KẾT - PHIÊN BẢN ĐẶC BIỆT (CHIẾU LẠI),CGV Vivo City,01/10/2026,IMAX2D Phụ Đề Việt | Rạp IMAX,15:30
AVENGERS: HỒI KẾT - PHIÊN BẢN ĐẶC BIỆT (CHIẾU LẠI),CGV Vivo City,01/10/2026,2D Phụ Đề Việt																 | Rạp Infinity Vision,16:20
AVENGERS: HỒI KẾT - PHIÊN BẢN ĐẶC BIỆT (CHIẾU LẠI),CGV Vivo City,01/10/2026,IMAX2D Phụ Đề Việt | Rạp IMAX,19:00
AVENGERS: HỒI KẾT - PHIÊN BẢN ĐẶC BIỆT (CHIẾU LẠI),CGV Vivo City,01/10/2026,2D Phụ Đề Việt																 | Rạp Infinity Vision,20:00
AVENGERS: HỒI KẾT - PHIÊN BẢN ĐẶC BIỆT (CHIẾU LẠI),CGV Vivo City,01/10/2026,4DX2D Phụ Đề Việt | Rạp 4DX																 & Infinity Vision,21:50
AVENGERS: HỒI KẾT - PHIÊN BẢN ĐẶC BIỆT (CHIẾU LẠI),CGV Vivo City,01/10/2026,IMAX2D Phụ Đề Việt | Rạp IMAX,22:30
BÁT TIÊN ! TRUY TÌM LƯU LY ĐĂNG,CGV Vivo City,01/10/2026,2D Phụ Đề Anh & Việt,15:40
BÓNG MA NHÀ HÁT,CGV Vivo City,01/10/2026,2D Phụ Đề Anh,23:40
HÒN ĐẢO QUÊN LÃNG,CGV Vivo City,01/10/2026,4DX2D Lồng Tiếng Việt | Rạp 4DX,19:45
LAPUTA: LÂU ĐÀI TRÊN KHÔNG,CGV Vivo City,01/10/2026,2D Phụ Đề Việt,13:30
LAPUTA: LÂU ĐÀI TRÊN KHÔNG,CGV Vivo City,01/10/2026,2D Phụ Đề Việt,18:10
LÊN HƯƠNG,CGV Vivo City,01/10/2026,2D Phụ Đề Anh,14:10
LÊN HƯƠNG,CGV Vivo City,01/10/2026,2D Phụ Đề Anh,22:40
MARNIE YÊU DẤU,CGV Vivo City,01/10/2026,2D Phụ Đề Việt,11:15
MARNIE YÊU DẤU,CGV Vivo City,01/10/2026,2D Phụ Đề Việt,16:00
PHÁO HOA LÚC BÌNH MINH,CGV Vivo City,01/10/2026,2D Phụ Đề Anh & Việt,09:30
TRẠI BUÔN NGƯỜI,CGV Vivo City,01/10/2026,2D Phụ Đề Anh,09:40
TRẠI BUÔN NGƯỜI,CGV Vivo City,01/10/2026,2D Phụ Đề Anh,10:20
TRẠI BUÔN NGƯỜI,CGV Vivo City,01/10/2026,2D Phụ Đề Anh,11:30
TRẠI BUÔN NGƯỜI,CGV Vivo City,01/10/2026,2D Phụ Đề Anh,12:20
TRẠI BUÔN NGƯỜI,CGV Vivo City,01/10/2026,2D Phụ Đề Anh,13:00
TRẠI BUÔN NGƯỜI,CGV Vivo City,01/10/2026,4DX2D Phụ Đề Anh | Rạp 4DX,14:30
TRẠI BUÔN NGƯỜI,CGV Vivo City,01/10/2026,2D Phụ Đề Anh,15:00
TRẠI BUÔN NGƯỜI,CGV Vivo City,01/10/2026,2D Phụ Đề Anh,16:30
TRẠI BUÔN NGƯỜI,CGV Vivo City,01/10/2026,4DX2D Phụ Đề Anh | Rạp 4DX,17:00
TRẠI BUÔN NGƯỜI,CGV Vivo City,01/10/2026,2D Phụ Đề Anh,17:40
TRẠI BUÔN NGƯỜI,CGV Vivo City,01/10/2026,2D Phụ Đề Anh,18:30
TRẠI BUÔN NGƯỜI,CGV Vivo City,01/10/2026,2D Phụ Đề Anh,19:20
TRẠI BUÔN NGƯỜI,CGV Vivo City,01/10/2026,2D Phụ Đề Anh,20:20
TRẠI BUÔN NGƯỜI,CGV Vivo City,01/10/2026,2D Phụ Đề Anh,21:00
TRẠI BUÔN NGƯỜI,CGV Vivo City,01/10/2026,2D Phụ Đề Anh,22:00
TRẠI BUÔN NGƯỜI,CGV Vivo City,01/10/2026,2D Phụ Đề Anh,23:00
VÙNG ĐẤT QUỶ DỮ,CGV Vivo City,01/10/2026,2D Phụ Đề Việt,12:10
VÙNG ĐẤT QUỶ DỮ,CGV Vivo City,01/10/2026,2D Phụ Đề Việt,14:20
VÙNG ĐẤT QUỶ DỮ,CGV Vivo City,01/10/2026,2D Phụ Đề Việt,20:40
VÙNG ĐẤT QUỶ DỮ,CGV Vivo City,01/10/2026,2D Phụ Đề Việt,23:30
ÚT LAN 2,CGV Vivo City,01/10/2026,2D Phụ Đề Anh,10:00
TRÁI TIM QUÁI THÚ,CGV Vivo City,02/10/2026,2D Phụ Đề Việt,15:20
TRÁI TIM QUÁI THÚ,CGV Vivo City,02/10/2026,2D Phụ Đề Việt,20:00
TRÁI TIM QUÁI THÚ,CGV Vivo City,02/10/2026,2D Phụ Đề Việt,22:20
ÁN MẠNG KARAOKE,CGV Vivo City,02/10/2026,2D Phụ Đề Anh,10:20
ÁN MẠNG KARAOKE,CGV Vivo City,02/10/2026,2D Phụ Đề Anh,12:30
ÁN MẠNG KARAOKE,CGV Vivo City,02/10/2026,2D Phụ Đề Anh,14:40
ÁN MẠNG KARAOKE,CGV Vivo City,02/10/2026,2D Phụ Đề Anh,16:50
ÁN MẠNG KARAOKE,CGV Vivo City,02/10/2026,2D Phụ Đề Anh,19:00
ÁN MẠNG KARAOKE,CGV Vivo City,02/10/2026,2D Phụ Đề Anh,21:10
ÁN MẠNG KARAOKE,CGV Vivo City,02/10/2026,2D Phụ Đề Anh,23:20
TRÁI TIM QUÁI THÚ,CGV Vivo City,03/10/2026,2D Phụ Đề Việt,15:20
TRÁI TIM QUÁI THÚ,CGV Vivo City,03/10/2026,2D Phụ Đề Việt,20:00
TRÁI TIM QUÁI THÚ,CGV Vivo City,03/10/2026,2D Phụ Đề Việt,22:20
ÁN MẠNG KARAOKE,CGV Vivo City,03/10/2026,2D Phụ Đề Anh,10:20
ÁN MẠNG KARAOKE,CGV Vivo City,03/10/2026,2D Phụ Đề Anh,12:30
ÁN MẠNG KARAOKE,CGV Vivo City,03/10/2026,2D Phụ Đề Anh,14:40
ÁN MẠNG KARAOKE,CGV Vivo City,03/10/2026,2D Phụ Đề Anh,16:50
ÁN MẠNG KARAOKE,CGV Vivo City,03/10/2026,2D Phụ Đề Anh,19:00
ÁN MẠNG KARAOKE,CGV Vivo City,03/10/2026,2D Phụ Đề Anh,21:10
ÁN MẠNG KARAOKE,CGV Vivo City,03/10/2026,2D Phụ Đề Anh,23:20
TRÁI TIM QUÁI THÚ,CGV Vivo City,04/10/2026,2D Phụ Đề Việt,15:20
TRÁI TIM QUÁI THÚ,CGV Vivo City,04/10/2026,2D Phụ Đề Việt,20:00
TRÁI TIM QUÁI THÚ,CGV Vivo City,04/10/2026,2D Phụ Đề Việt,22:20
ÁN MẠNG KARAOKE,CGV Vivo City,04/10/2026,2D Phụ Đề Anh,10:20
ÁN MẠNG KARAOKE,CGV Vivo City,04/10/2026,2D Phụ Đề Anh,12:30
ÁN MẠNG KARAOKE,CGV Vivo City,04/10/2026,2D Phụ Đề Anh,14:40
ÁN MẠNG KARAOKE,CGV Vivo City,04/10/2026,2D Phụ Đề Anh,16:50
ÁN MẠNG KARAOKE,CGV Vivo City,04/10/2026,2D Phụ Đề Anh,19:00
ÁN MẠNG KARAOKE,CGV Vivo City,04/10/2026,2D Phụ Đề Anh,21:10
ÁN MẠNG KARAOKE,CGV Vivo City,04/10/2026,2D Phụ Đề Anh,23:20
AVENGERS: HỒI KẾT - PHIÊN BẢN ĐẶC BIỆT (CHIẾU LẠI),CGV Vivo City,25/09/2026,4DX2D Phụ Đề Việt | Rạp 4DX																 & Infinity Vision,21:50
AVENGERS: HỒI KẾT - PHIÊN BẢN ĐẶC BIỆT (CHIẾU LẠI),CGV Vivo City,25/09/2026,IMAX2D Phụ Đề Việt | Rạp IMAX,22:30
TRẠI BUÔN NGƯỜI,CGV Vivo City,25/09/2026,2D Phụ Đề Anh,21:00
TRẠI BUÔN NGƯỜI,CGV Vivo City,25/09/2026,2D Phụ Đề Anh,22:00
TRẠI BUÔN NGƯỜI,CGV Vivo City,25/09/2026,2D Phụ Đề Anh,23:00
TRẠI BUÔN NGƯỜI,CGV Vivo City,25/09/2026,2D Phụ Đề Anh,23:30
VÙNG ĐẤT QUỶ DỮ,CGV Vivo City,25/09/2026,2D Phụ Đề Việt,20:50
VÙNG ĐẤT QUỶ DỮ,CGV Vivo City,25/09/2026,2D Phụ Đề Việt,22:50
VÙNG ĐẤT QUỶ DỮ,CGV Vivo City,25/09/2026,2D Phụ Đề Việt,23:40
AVENGERS: HỒI KẾT - PHIÊN BẢN ĐẶC BIỆT (CHIẾU LẠI),CGV Vivo City,26/09/2026,IMAX2D Phụ Đề Việt | Rạp IMAX,08:30
AVENGERS: HỒI KẾT - PHIÊN BẢN ĐẶC BIỆT (CHIẾU LẠI),CGV Vivo City,26/09/2026,4DX2D Phụ Đề Việt | Rạp 4DX																 & Infinity Vision,11:00
AVENGERS: HỒI KẾT - PHIÊN BẢN ĐẶC BIỆT (CHIẾU LẠI),CGV Vivo City,26/09/2026,IMAX2D Phụ Đề Việt | Rạp IMAX,12:00
AVENGERS: HỒI KẾT - PHIÊN BẢN ĐẶC BIỆT (CHIẾU LẠI),CGV Vivo City,26/09/2026,IMAX2D Phụ Đề Việt | Rạp IMAX,15:30
AVENGERS: HỒI KẾT - PHIÊN BẢN ĐẶC BIỆT (CHIẾU LẠI),CGV Vivo City,26/09/2026,2D Phụ Đề Việt																 | Rạp Infinity Vision,16:30
AVENGERS: HỒI KẾT - PHIÊN BẢN ĐẶC BIỆT (CHIẾU LẠI),CGV Vivo City,26/09/2026,IMAX2D Phụ Đề Việt | Rạp IMAX,19:00
AVENGERS: HỒI KẾT - PHIÊN BẢN ĐẶC BIỆT (CHIẾU LẠI),CGV Vivo City,26/09/2026,2D Phụ Đề Việt																 | Rạp Infinity Vision,20:00
AVENGERS: HỒI KẾT - PHIÊN BẢN ĐẶC BIỆT (CHIẾU LẠI),CGV Vivo City,26/09/2026,4DX2D Phụ Đề Việt | Rạp 4DX																 & Infinity Vision,21:50
AVENGERS: HỒI KẾT - PHIÊN BẢN ĐẶC BIỆT (CHIẾU LẠI),CGV Vivo City,26/09/2026,IMAX2D Phụ Đề Việt | Rạp IMAX,22:30
BÁT TIÊN ! TRUY TÌM LƯU LY ĐĂNG,CGV Vivo City,26/09/2026,2D Phụ Đề Anh & Việt,15:40
BÁT TIÊN ! TRUY TÌM LƯU LY ĐĂNG,CGV Vivo City,26/09/2026,2D Phụ Đề Anh & Việt,22:40
HÒN ĐẢO QUÊN LÃNG,CGV Vivo City,26/09/2026,4DX2D Phụ Đề Việt | Rạp 4DX,08:40
HÒN ĐẢO QUÊN LÃNG,CGV Vivo City,26/09/2026,4DX2D Lồng Tiếng Việt | Rạp 4DX,19:45
LAPUTA: LÂU ĐÀI TRÊN KHÔNG,CGV Vivo City,26/09/2026,2D Phụ Đề Việt,13:30
LAPUTA: LÂU ĐÀI TRÊN KHÔNG,CGV Vivo City,26/09/2026,2D Phụ Đề Việt,18:15
LÊN HƯƠNG,CGV Vivo City,26/09/2026,2D Phụ Đề Anh,23:30
MARNIE YÊU DẤU,CGV Vivo City,26/09/2026,2D Phụ Đề Việt,11:15
MARNIE YÊU DẤU,CGV Vivo City,26/09/2026,2D Phụ Đề Việt,16:00
PHÁO HOA LÚC BÌNH MINH,CGV Vivo City,26/09/2026,2D Phụ Đề Anh & Việt,09:30
TRẠI BUÔN NGƯỜI,CGV Vivo City,26/09/2026,2D Phụ Đề Anh,08:50
TRẠI BUÔN NGƯỜI,CGV Vivo City,26/09/2026,2D Phụ Đề Anh,09:40
TRẠI BUÔN NGƯỜI,CGV Vivo City,26/09/2026,2D Phụ Đề Anh,10:20
TRẠI BUÔN NGƯỜI,CGV Vivo City,26/09/2026,2D Phụ Đề Anh,11:30
TRẠI BUÔN NGƯỜI,CGV Vivo City,26/09/2026,2D Phụ Đề Anh,12:20
TRẠI BUÔN NGƯỜI,CGV Vivo City,26/09/2026,2D Phụ Đề Anh,13:00
TRẠI BUÔN NGƯỜI,CGV Vivo City,26/09/2026,2D Phụ Đề Anh,14:00
TRẠI BUÔN NGƯỜI,CGV Vivo City,26/09/2026,4DX2D Phụ Đề Anh | Rạp 4DX,14:30
TRẠI BUÔN NGƯỜI,CGV Vivo City,26/09/2026,2D Phụ Đề Anh,15:00
TRẠI BUÔN NGƯỜI,CGV Vivo City,26/09/2026,2D Phụ Đề Anh,16:40
TRẠI BUÔN NGƯỜI,CGV Vivo City,26/09/2026,4DX2D Phụ Đề Anh | Rạp 4DX,17:10
TRẠI BUÔN NGƯỜI,CGV Vivo City,26/09/2026,2D Phụ Đề Anh,17:40
TRẠI BUÔN NGƯỜI,CGV Vivo City,26/09/2026,2D Phụ Đề Anh,18:30
TRẠI BUÔN NGƯỜI,CGV Vivo City,26/09/2026,2D Phụ Đề Anh,19:20
TRẠI BUÔN NGƯỜI,CGV Vivo City,26/09/2026,2D Phụ Đề Anh,20:20
TRẠI BUÔN NGƯỜI,CGV Vivo City,26/09/2026,2D Phụ Đề Anh,21:00
TRẠI BUÔN NGƯỜI,CGV Vivo City,26/09/2026,2D Phụ Đề Anh,22:00
TRẠI BUÔN NGƯỜI,CGV Vivo City,26/09/2026,2D Phụ Đề Anh,23:10
VÙNG ĐẤT QUỶ DỮ,CGV Vivo City,26/09/2026,2D Phụ Đề Việt,12:10
VÙNG ĐẤT QUỶ DỮ,CGV Vivo City,26/09/2026,2D Phụ Đề Việt,14:20
VÙNG ĐẤT QUỶ DỮ,CGV Vivo City,26/09/2026,2D Phụ Đề Việt,20:50
VÙNG ĐẤT QUỶ DỮ,CGV Vivo City,26/09/2026,2D Phụ Đề Việt,23:40
ÚT LAN 2,CGV Vivo City,26/09/2026,2D Phụ Đề Anh,10:00
AVENGERS: HỒI KẾT - PHIÊN BẢN ĐẶC BIỆT (CHIẾU LẠI),CGV Vivo City,27/09/2026,IMAX2D Phụ Đề Việt | Rạp IMAX,08:30
AVENGERS: HỒI KẾT - PHIÊN BẢN ĐẶC BIỆT (CHIẾU LẠI),CGV Vivo City,27/09/2026,4DX2D Phụ Đề Việt | Rạp 4DX																 & Infinity Vision,11:00
AVENGERS: HỒI KẾT - PHIÊN BẢN ĐẶC BIỆT (CHIẾU LẠI),CGV Vivo City,27/09/2026,IMAX2D Phụ Đề Việt | Rạp IMAX,12:00
AVENGERS: HỒI KẾT - PHIÊN BẢN ĐẶC BIỆT (CHIẾU LẠI),CGV Vivo City,27/09/2026,IMAX2D Phụ Đề Việt | Rạp IMAX,15:30
AVENGERS: HỒI KẾT - PHIÊN BẢN ĐẶC BIỆT (CHIẾU LẠI),CGV Vivo City,27/09/2026,2D Phụ Đề Việt																 | Rạp Infinity Vision,16:30
AVENGERS: HỒI KẾT - PHIÊN BẢN ĐẶC BIỆT (CHIẾU LẠI),CGV Vivo City,27/09/2026,IMAX2D Phụ Đề Việt | Rạp IMAX,19:00
AVENGERS: HỒI KẾT - PHIÊN BẢN ĐẶC BIỆT (CHIẾU LẠI),CGV Vivo City,27/09/2026,2D Phụ Đề Việt																 | Rạp Infinity Vision,20:00
AVENGERS: HỒI KẾT - PHIÊN BẢN ĐẶC BIỆT (CHIẾU LẠI),CGV Vivo City,27/09/2026,4DX2D Phụ Đề Việt | Rạp 4DX																 & Infinity Vision,21:50
AVENGERS: HỒI KẾT - PHIÊN BẢN ĐẶC BIỆT (CHIẾU LẠI),CGV Vivo City,27/09/2026,IMAX2D Phụ Đề Việt | Rạp IMAX,22:30
BÁT TIÊN ! TRUY TÌM LƯU LY ĐĂNG,CGV Vivo City,27/09/2026,2D Phụ Đề Anh & Việt,15:40
HÒN ĐẢO QUÊN LÃNG,CGV Vivo City,27/09/2026,4DX2D Phụ Đề Việt | Rạp 4DX,08:40
HÒN ĐẢO QUÊN LÃNG,CGV Vivo City,27/09/2026,4DX2D Lồng Tiếng Việt | Rạp 4DX,19:45
LAPUTA: LÂU ĐÀI TRÊN KHÔNG,CGV Vivo City,27/09/2026,2D Phụ Đề Việt,13:30
LAPUTA: LÂU ĐÀI TRÊN KHÔNG,CGV Vivo City,27/09/2026,2D Phụ Đề Việt,18:10
LÊN HƯƠNG,CGV Vivo City,27/09/2026,2D Phụ Đề Anh,23:30
MARNIE YÊU DẤU,CGV Vivo City,27/09/2026,2D Phụ Đề Việt,11:15
MARNIE YÊU DẤU,CGV Vivo City,27/09/2026,2D Phụ Đề Việt,16:00
PHÁO HOA LÚC BÌNH MINH,CGV Vivo City,27/09/2026,2D Phụ Đề Anh & Việt,09:30
TRẠI BUÔN NGƯỜI,CGV Vivo City,27/09/2026,2D Phụ Đề Anh,08:50
TRẠI BUÔN NGƯỜI,CGV Vivo City,27/09/2026,2D Phụ Đề Anh,09:20
TRẠI BUÔN NGƯỜI,CGV Vivo City,27/09/2026,2D Phụ Đề Anh,10:20
TRẠI BUÔN NGƯỜI,CGV Vivo City,27/09/2026,2D Phụ Đề Anh,11:30
TRẠI BUÔN NGƯỜI,CGV Vivo City,27/09/2026,2D Phụ Đề Anh,12:10
TRẠI BUÔN NGƯỜI,CGV Vivo City,27/09/2026,2D Phụ Đề Anh,13:00
TRẠI BUÔN NGƯỜI,CGV Vivo City,27/09/2026,2D Phụ Đề Anh,14:00
TRẠI BUÔN NGƯỜI,CGV Vivo City,27/09/2026,4DX2D Phụ Đề Anh | Rạp 4DX,14:30
TRẠI BUÔN NGƯỜI,CGV Vivo City,27/09/2026,2D Phụ Đề Anh,15:00
TRẠI BUÔN NGƯỜI,CGV Vivo City,27/09/2026,2D Phụ Đề Anh,16:40
TRẠI BUÔN NGƯỜI,CGV Vivo City,27/09/2026,4DX2D Phụ Đề Anh | Rạp 4DX,17:10
TRẠI BUÔN NGƯỜI,CGV Vivo City,27/09/2026,2D Phụ Đề Anh,17:40
TRẠI BUÔN NGƯỜI,CGV Vivo City,27/09/2026,2D Phụ Đề Anh,18:30
TRẠI BUÔN NGƯỜI,CGV Vivo City,27/09/2026,2D Phụ Đề Anh,19:20
TRẠI BUÔN NGƯỜI,CGV Vivo City,27/09/2026,2D Phụ Đề Anh,20:20
TRẠI BUÔN NGƯỜI,CGV Vivo City,27/09/2026,2D Phụ Đề Anh,21:00
TRẠI BUÔN NGƯỜI,CGV Vivo City,27/09/2026,2D Phụ Đề Anh,22:00
TRẠI BUÔN NGƯỜI,CGV Vivo City,27/09/2026,2D Phụ Đề Anh,22:40
TRẠI BUÔN NGƯỜI,CGV Vivo City,27/09/2026,2D Phụ Đề Anh,23:10
VÙNG ĐẤT QUỶ DỮ,CGV Vivo City,27/09/2026,2D Phụ Đề Việt,12:20
VÙNG ĐẤT QUỶ DỮ,CGV Vivo City,27/09/2026,2D Phụ Đề Việt,14:20
VÙNG ĐẤT QUỶ DỮ,CGV Vivo City,27/09/2026,2D Phụ Đề Việt,20:40
VÙNG ĐẤT QUỶ DỮ,CGV Vivo City,27/09/2026,2D Phụ Đề Việt,23:40
ÚT LAN 2,CGV Vivo City,27/09/2026,2D Phụ Đề Anh,10:00
AVENGERS: HỒI KẾT - PHIÊN BẢN ĐẶC BIỆT (CHIẾU LẠI),CGV Vivo City,28/09/2026,4DX2D Phụ Đề Việt | Rạp 4DX																 & Infinity Vision,11:00
AVENGERS: HỒI KẾT - PHIÊN BẢN ĐẶC BIỆT (CHIẾU LẠI),CGV Vivo City,28/09/2026,IMAX2D Phụ Đề Việt | Rạp IMAX,12:00
AVENGERS: HỒI KẾT - PHIÊN BẢN ĐẶC BIỆT (CHIẾU LẠI),CGV Vivo City,28/09/2026,IMAX2D Phụ Đề Việt | Rạp IMAX,15:30
AVENGERS: HỒI KẾT - PHIÊN BẢN ĐẶC BIỆT (CHIẾU LẠI),CGV Vivo City,28/09/2026,IMAX2D Phụ Đề Việt | Rạp IMAX,19:00
AVENGERS: HỒI KẾT - PHIÊN BẢN ĐẶC BIỆT (CHIẾU LẠI),CGV Vivo City,28/09/2026,2D Phụ Đề Việt																 | Rạp Infinity Vision,20:00
AVENGERS: HỒI KẾT - PHIÊN BẢN ĐẶC BIỆT (CHIẾU LẠI),CGV Vivo City,28/09/2026,4DX2D Phụ Đề Việt | Rạp 4DX																 & Infinity Vision,21:50
AVENGERS: HỒI KẾT - PHIÊN BẢN ĐẶC BIỆT (CHIẾU LẠI),CGV Vivo City,28/09/2026,IMAX2D Phụ Đề Việt | Rạp IMAX,22:30
BÁT TIÊN ! TRUY TÌM LƯU LY ĐĂNG,CGV Vivo City,28/09/2026,2D Phụ Đề Anh & Việt,17:10
HÒN ĐẢO QUÊN LÃNG,CGV Vivo City,28/09/2026,4DX2D Lồng Tiếng Việt | Rạp 4DX,19:45
LAPUTA: LÂU ĐÀI TRÊN KHÔNG,CGV Vivo City,28/09/2026,2D Phụ Đề Việt,13:30
LAPUTA: LÂU ĐÀI TRÊN KHÔNG,CGV Vivo City,28/09/2026,2D Phụ Đề Việt,18:10
LÊN HƯƠNG,CGV Vivo City,28/09/2026,2D Phụ Đề Anh,14:40
LÊN HƯƠNG,CGV Vivo City,28/09/2026,2D Phụ Đề Anh,23:30
MARNIE YÊU DẤU,CGV Vivo City,28/09/2026,2D Phụ Đề Việt,11:10
MARNIE YÊU DẤU,CGV Vivo City,28/09/2026,2D Phụ Đề Việt,16:00
PHÁO HOA LÚC BÌNH MINH,CGV Vivo City,28/09/2026,2D Phụ Đề Anh & Việt,09:30
TRẠI BUÔN NGƯỜI,CGV Vivo City,28/09/2026,2D Phụ Đề Anh,09:20
TRẠI BUÔN NGƯỜI,CGV Vivo City,28/09/2026,2D Phụ Đề Anh,10:00
TRẠI BUÔN NGƯỜI,CGV Vivo City,28/09/2026,2D Phụ Đề Anh,10:30
TRẠI BUÔN NGƯỜI,CGV Vivo City,28/09/2026,2D Phụ Đề Anh,11:20
TRẠI BUÔN NGƯỜI,CGV Vivo City,28/09/2026,2D Phụ Đề Anh,12:10
TRẠI BUÔN NGƯỜI,CGV Vivo City,28/09/2026,2D Phụ Đề Anh,13:10
TRẠI BUÔN NGƯỜI,CGV Vivo City,28/09/2026,2D Phụ Đề Anh,14:00
TRẠI BUÔN NGƯỜI,CGV Vivo City,28/09/2026,4DX2D Phụ Đề Anh | Rạp 4DX,14:30
TRẠI BUÔN NGƯỜI,CGV Vivo City,28/09/2026,2D Phụ Đề Anh,15:00
TRẠI BUÔN NGƯỜI,CGV Vivo City,28/09/2026,2D Phụ Đề Anh,15:50
TRẠI BUÔN NGƯỜI,CGV Vivo City,28/09/2026,2D Phụ Đề Anh,16:40
TRẠI BUÔN NGƯỜI,CGV Vivo City,28/09/2026,4DX2D Phụ Đề Anh | Rạp 4DX,17:00
TRẠI BUÔN NGƯỜI,CGV Vivo City,28/09/2026,2D Phụ Đề Anh,17:40
TRẠI BUÔN NGƯỜI,CGV Vivo City,28/09/2026,2D Phụ Đề Anh,19:20
TRẠI BUÔN NGƯỜI,CGV Vivo City,28/09/2026,2D Phụ Đề Anh,20:20
TRẠI BUÔN NGƯỜI,CGV Vivo City,28/09/2026,2D Phụ Đề Anh,21:00
TRẠI BUÔN NGƯỜI,CGV Vivo City,28/09/2026,2D Phụ Đề Anh,22:00
TRẠI BUÔN NGƯỜI,CGV Vivo City,28/09/2026,2D Phụ Đề Anh,22:40
TRẠI BUÔN NGƯỜI,CGV Vivo City,28/09/2026,2D Phụ Đề Anh,23:10
VÙNG ĐẤT QUỶ DỮ,CGV Vivo City,28/09/2026,2D Phụ Đề Việt,12:40
VÙNG ĐẤT QUỶ DỮ,CGV Vivo City,28/09/2026,2D Phụ Đề Việt,20:40
VÙNG ĐẤT QUỶ DỮ,CGV Vivo City,28/09/2026,2D Phụ Đề Việt,23:40
AVENGERS: HỒI KẾT - PHIÊN BẢN ĐẶC BIỆT (CHIẾU LẠI),CGV Vivo City,29/09/2026,4DX2D Phụ Đề Việt | Rạp 4DX																 & Infinity Vision,11:00
AVENGERS: HỒI KẾT - PHIÊN BẢN ĐẶC BIỆT (CHIẾU LẠI),CGV Vivo City,29/09/2026,IMAX2D Phụ Đề Việt | Rạp IMAX,12:00
AVENGERS: HỒI KẾT - PHIÊN BẢN ĐẶC BIỆT (CHIẾU LẠI),CGV Vivo City,29/09/2026,IMAX2D Phụ Đề Việt | Rạp IMAX,15:30
AVENGERS: HỒI KẾT - PHIÊN BẢN ĐẶC BIỆT (CHIẾU LẠI),CGV Vivo City,29/09/2026,2D Phụ Đề Việt																 | Rạp Infinity Vision,16:30
AVENGERS: HỒI KẾT - PHIÊN BẢN ĐẶC BIỆT (CHIẾU LẠI),CGV Vivo City,29/09/2026,IMAX2D Phụ Đề Việt | Rạp IMAX,19:00
AVENGERS: HỒI KẾT - PHIÊN BẢN ĐẶC BIỆT (CHIẾU LẠI),CGV Vivo City,29/09/2026,2D Phụ Đề Việt																 | Rạp Infinity Vision,20:00
AVENGERS: HỒI KẾT - PHIÊN BẢN ĐẶC BIỆT (CHIẾU LẠI),CGV Vivo City,29/09/2026,4DX2D Phụ Đề Việt | Rạp 4DX																 & Infinity Vision,21:50
AVENGERS: HỒI KẾT - PHIÊN BẢN ĐẶC BIỆT (CHIẾU LẠI),CGV Vivo City,29/09/2026,IMAX2D Phụ Đề Việt | Rạp IMAX,22:30
BÁT TIÊN ! TRUY TÌM LƯU LY ĐĂNG,CGV Vivo City,29/09/2026,2D Phụ Đề Anh & Việt,15:40
HÒN ĐẢO QUÊN LÃNG,CGV Vivo City,29/09/2026,4DX2D Lồng Tiếng Việt | Rạp 4DX,19:45
LAPUTA: LÂU ĐÀI TRÊN KHÔNG,CGV Vivo City,29/09/2026,2D Phụ Đề Việt,13:30
LAPUTA: LÂU ĐÀI TRÊN KHÔNG,CGV Vivo City,29/09/2026,2D Phụ Đề Việt,18:10
LÊN HƯƠNG,CGV Vivo City,29/09/2026,2D Phụ Đề Anh,22:40
MARNIE YÊU DẤU,CGV Vivo City,29/09/2026,2D Phụ Đề Việt,11:20
MARNIE YÊU DẤU,CGV Vivo City,29/09/2026,2D Phụ Đề Việt,16:00
PHÁO HOA LÚC BÌNH MINH,CGV Vivo City,29/09/2026,2D Phụ Đề Anh & Việt,10:40
TRẠI BUÔN NGƯỜI,CGV Vivo City,29/09/2026,2D Phụ Đề Anh,10:20
TRẠI BUÔN NGƯỜI,CGV Vivo City,29/09/2026,2D Phụ Đề Anh,11:30
TRẠI BUÔN NGƯỜI,CGV Vivo City,29/09/2026,2D Phụ Đề Anh,12:20
TRẠI BUÔN NGƯỜI,CGV Vivo City,29/09/2026,2D Phụ Đề Anh,13:00
TRẠI BUÔN NGƯỜI,CGV Vivo City,29/09/2026,2D Phụ Đề Anh,14:00
TRẠI BUÔN NGƯỜI,CGV Vivo City,29/09/2026,4DX2D Phụ Đề Anh | Rạp 4DX,14:30
TRẠI BUÔN NGƯỜI,CGV Vivo City,29/09/2026,2D Phụ Đề Anh,15:00
TRẠI BUÔN NGƯỜI,CGV Vivo City,29/09/2026,2D Phụ Đề Anh,16:30
TRẠI BUÔN NGƯỜI,CGV Vivo City,29/09/2026,4DX2D Phụ Đề Anh | Rạp 4DX,17:00
TRẠI BUÔN NGƯỜI,CGV Vivo City,29/09/2026,2D Phụ Đề Anh,17:40
TRẠI BUÔN NGƯỜI,CGV Vivo City,29/09/2026,2D Phụ Đề Anh,18:30
TRẠI BUÔN NGƯỜI,CGV Vivo City,29/09/2026,2D Phụ Đề Anh,19:20
TRẠI BUÔN NGƯỜI,CGV Vivo City,29/09/2026,2D Phụ Đề Anh,20:20
TRẠI BUÔN NGƯỜI,CGV Vivo City,29/09/2026,2D Phụ Đề Anh,21:00
TRẠI BUÔN NGƯỜI,CGV Vivo City,29/09/2026,2D Phụ Đề Anh,22:00
TRẠI BUÔN NGƯỜI,CGV Vivo City,29/09/2026,2D Phụ Đề Anh,23:00
VÙNG ĐẤT QUỶ DỮ,CGV Vivo City,29/09/2026,2D Phụ Đề Việt,12:40
VÙNG ĐẤT QUỶ DỮ,CGV Vivo City,29/09/2026,2D Phụ Đề Việt,14:40
VÙNG ĐẤT QUỶ DỮ,CGV Vivo City,29/09/2026,2D Phụ Đề Việt,20:40
ÚT LAN 2,CGV Vivo City,29/09/2026,2D Phụ Đề Anh,10:30
AVENGERS: HỒI KẾT - PHIÊN BẢN ĐẶC BIỆT (CHIẾU LẠI),CGV Vivo City,30/09/2026,4DX2D Phụ Đề Việt | Rạp 4DX																 & Infinity Vision,11:00
AVENGERS: HỒI KẾT - PHIÊN BẢN ĐẶC BIỆT (CHIẾU LẠI),CGV Vivo City,30/09/2026,IMAX2D Phụ Đề Việt | Rạp IMAX,12:00
AVENGERS: HỒI KẾT - PHIÊN BẢN ĐẶC BIỆT (CHIẾU LẠI),CGV Vivo City,30/09/2026,IMAX2D Phụ Đề Việt | Rạp IMAX,15:30
AVENGERS: HỒI KẾT - PHIÊN BẢN ĐẶC BIỆT (CHIẾU LẠI),CGV Vivo City,30/09/2026,2D Phụ Đề Việt																 | Rạp Infinity Vision,16:30
AVENGERS: HỒI KẾT - PHIÊN BẢN ĐẶC BIỆT (CHIẾU LẠI),CGV Vivo City,30/09/2026,IMAX2D Phụ Đề Việt | Rạp IMAX,19:00
AVENGERS: HỒI KẾT - PHIÊN BẢN ĐẶC BIỆT (CHIẾU LẠI),CGV Vivo City,30/09/2026,2D Phụ Đề Việt																 | Rạp Infinity Vision,20:00
AVENGERS: HỒI KẾT - PHIÊN BẢN ĐẶC BIỆT (CHIẾU LẠI),CGV Vivo City,30/09/2026,4DX2D Phụ Đề Việt | Rạp 4DX																 & Infinity Vision,21:50
AVENGERS: HỒI KẾT - PHIÊN BẢN ĐẶC BIỆT (CHIẾU LẠI),CGV Vivo City,30/09/2026,IMAX2D Phụ Đề Việt | Rạp IMAX,22:30
BÁT TIÊN ! TRUY TÌM LƯU LY ĐĂNG,CGV Vivo City,30/09/2026,2D Phụ Đề Anh & Việt,15:40
HÒN ĐẢO QUÊN LÃNG,CGV Vivo City,30/09/2026,4DX2D Lồng Tiếng Việt | Rạp 4DX,19:45
LAPUTA: LÂU ĐÀI TRÊN KHÔNG,CGV Vivo City,30/09/2026,2D Phụ Đề Việt,13:30
LAPUTA: LÂU ĐÀI TRÊN KHÔNG,CGV Vivo City,30/09/2026,2D Phụ Đề Việt,18:10
LÊN HƯƠNG,CGV Vivo City,30/09/2026,2D Phụ Đề Anh,22:40
MARNIE YÊU DẤU,CGV Vivo City,30/09/2026,2D Phụ Đề Việt,11:20
MARNIE YÊU DẤU,CGV Vivo City,30/09/2026,2D Phụ Đề Việt,16:00
PHÁO HOA LÚC BÌNH MINH,CGV Vivo City,30/09/2026,2D Phụ Đề Anh & Việt,10:40
TRẠI BUÔN NGƯỜI,CGV Vivo City,30/09/2026,2D Phụ Đề Anh,10:20
TRẠI BUÔN NGƯỜI,CGV Vivo City,30/09/2026,2D Phụ Đề Anh,11:30
TRẠI BUÔN NGƯỜI,CGV Vivo City,30/09/2026,2D Phụ Đề Anh,12:20
TRẠI BUÔN NGƯỜI,CGV Vivo City,30/09/2026,2D Phụ Đề Anh,13:00
TRẠI BUÔN NGƯỜI,CGV Vivo City,30/09/2026,2D Phụ Đề Anh,14:00
TRẠI BUÔN NGƯỜI,CGV Vivo City,30/09/2026,4DX2D Phụ Đề Anh | Rạp 4DX,14:30
TRẠI BUÔN NGƯỜI,CGV Vivo City,30/09/2026,2D Phụ Đề Anh,15:00
TRẠI BUÔN NGƯỜI,CGV Vivo City,30/09/2026,2D Phụ Đề Anh,16:30
TRẠI BUÔN NGƯỜI,CGV Vivo City,30/09/2026,4DX2D Phụ Đề Anh | Rạp 4DX,17:00
TRẠI BUÔN NGƯỜI,CGV Vivo City,30/09/2026,2D Phụ Đề Anh,17:40
TRẠI BUÔN NGƯỜI,CGV Vivo City,30/09/2026,2D Phụ Đề Anh,18:30
TRẠI BUÔN NGƯỜI,CGV Vivo City,30/09/2026,2D Phụ Đề Anh,19:20
TRẠI BUÔN NGƯỜI,CGV Vivo City,30/09/2026,2D Phụ Đề Anh,20:20
TRẠI BUÔN NGƯỜI,CGV Vivo City,30/09/2026,2D Phụ Đề Anh,21:00
TRẠI BUÔN NGƯỜI,CGV Vivo City,30/09/2026,2D Phụ Đề Anh,22:00
TRẠI BUÔN NGƯỜI,CGV Vivo City,30/09/2026,2D Phụ Đề Anh,23:00
VÙNG ĐẤT QUỶ DỮ,CGV Vivo City,30/09/2026,2D Phụ Đề Việt,12:40
VÙNG ĐẤT QUỶ DỮ,CGV Vivo City,30/09/2026,2D Phụ Đề Việt,14:40
VÙNG ĐẤT QUỶ DỮ,CGV Vivo City,30/09/2026,2D Phụ Đề Việt,20:40
ÚT LAN 2,CGV Vivo City,30/09/2026,2D Phụ Đề Anh,10:30
